sensor_id,sensor_type,target_type,target_id,floor_id,zone_id,metrics
SEN_DSK_000001,DESK_OCCUPANCY,WORKSPACE,DESK_BLD01_F01_0001,BLD01_F01,BLD01_F01_ZA,
SEN_DSK_000002,DESK_OCCUPANCY,WORKSPACE,DESK_BLD01_F01_0002,BLD01_F01,BLD01_F01_ZA,
SEN_DSK_000003,DESK_OCCUPANCY,WORKSPACE,DESK_BLD01_F01_0003,BLD01_F01,BLD01_F01_ZA,
SEN_DSK_000004,DESK_OCCUPANCY,WORKSPACE,DESK_BLD01_F01_0004,BLD01_F01,BLD01_F01_ZA,
SEN_DSK_000005,DESK_OCCUPANCY,WORKSPACE,DESK_BLD01_F01_0005,BLD01_F01,BLD01_F01_ZA,
SEN_DSK_000006,DESK_OCCUPANCY,WORKSPACE,DESK_BLD01_F01_0006,BLD01_F01,BLD01_F01_ZA,
SEN_DSK_000007,DESK_OCCUPANCY,WORKSPACE,DESK_BLD01_F01_0007,BLD01_F01,BLD01_F01_ZA,
SEN_DSK_000008,DESK_OCCUPANCY,WORKSPACE,DESK_BLD01_F01_0008,BLD01_F01,BLD01_F01_ZA,
SEN_DSK_000009,DESK_OCCUPANCY,WORKSPACE,DESK_BLD01_F01_0009,BLD01_F01,BLD01_F01_ZA,
SEN_DSK_000010,DESK_OCCUPANCY,WORKSPACE,DESK_BLD01_F01_0010,BLD01_F01,BLD01_F01_ZA,
SEN_DSK_000011,DESK_OCCUPANCY,WORKSPACE,DESK_BLD01_F01_0011,BLD01_F01,BLD01_F01_ZA,
SEN_DSK_000012,DESK_OCCUPANCY,WORKSPACE,DESK_BLD01_F01_0012,BLD01_F01,BLD01_F01_ZA,
SEN_DSK_000013,DESK_OCCUPANCY,WORKSPACE,DESK_BLD01_F01_0013,BLD01_F01,BLD01_F01_ZA,
SEN_DSK_000014,DESK_OCCUPANCY,WORKSPACE,DESK_BLD01_F01_0014,BLD01_F01,BLD01_F01_ZA,
SEN_DSK_000015,DESK_OCCUPANCY,WORKSPACE,DESK_BLD01_F01_0015,BLD01_F01,BLD01_F01_ZA,
SEN_DSK_000016,DESK_OCCUPANCY,WORKSPACE,DESK_BLD01_F01_0016,BLD01_F01,BLD01_F01_ZA,
SEN_DSK_000017,DESK_OCCUPANCY,WORKSPACE,DESK_BLD01_F01_0017,BLD01_F01,BLD01_F01_ZA,
SEN_DSK_000018,DESK_OCCUPANCY,WORKSPACE,DESK_BLD01_F01_0018,BLD01_F01,BLD01_F01_ZA,
SEN_DSK_000019,DESK_OCCUPANCY,WORKSPACE,DESK_BLD01_F01_0019,BLD01_F01,BLD01_F01_ZA,
SEN_DSK_000020,DESK_OCCUPANCY,WORKSPACE,DESK_BLD01_F01_0020,BLD01_F01,BLD01_F01_ZA,
SEN_DSK_000021,DESK_OCCUPANCY,WORKSPACE,DESK_BLD01_F01_0021,BLD01_F01,BLD01_F01_ZA,
SEN_DSK_000022,DESK_OCCUPANCY,WORKSPACE,DESK_BLD01_F01_0022,BLD01_F01,BLD01_F01_ZA,
SEN_DSK_000023,DESK_OCCUPANCY,WORKSPACE,DESK_BLD01_F01_0023,BLD01_F01,BLD01_F01_ZA,
SEN_DSK_000024,DESK_OCCUPANCY,WORKSPACE,DESK_BLD01_F01_0024,BLD01_F01,BLD01_F01_ZA,
SEN_DSK_000025,DESK_OCCUPANCY,WORKSPACE,DESK_BLD01_F01_0025,BLD01_F01,BLD01_F01_ZA,
SEN_DSK_000026,DESK_OCCUPANCY,WORKSPACE,DESK_BLD01_F01_0026,BLD01_F01,BLD01_F01_ZA,
SEN_DSK_000027,DESK_OCCUPANCY,WORKSPACE,DESK_BLD01_F01_0027,BLD01_F01,BLD01_F01_ZA,
SEN_DSK_000028,DESK_OCCUPANCY,WORKSPACE,DESK_BLD01_F01_0028,BLD01_F01,BLD01_F01_ZA,
SEN_DSK_000029,DESK_OCCUPANCY,WORKSPACE,DESK_BLD01_F01_0029,BLD01_F01,BLD01_F01_ZA,
SEN_DSK_000030,DESK_OCCUPANCY,WORKSPACE,DESK_BLD01_F01_0030,BLD01_F01,BLD01_F01_ZA,
SEN_DSK_000031,DESK_OCCUPANCY,WORKSPACE,DESK_BLD01_F01_0031,BLD01_F01,BLD01_F01_ZA,
SEN_DSK_000032,DESK_OCCUPANCY,WORKSPACE,DESK_BLD01_F01_0032,BLD01_F01,BLD01_F01_ZA,
SEN_DSK_000033,DESK_OCCUPANCY,WORKSPACE,DESK_BLD01_F01_0033,BLD01_F01,BLD01_F01_ZA,
SEN_DSK_000034,DESK_OCCUPANCY,WORKSPACE,DESK_BLD01_F01_0034,BLD01_F01,BLD01_F01_ZA,
SEN_DSK_000035,DESK_OCCUPANCY,WORKSPACE,DESK_BLD01_F01_0035,BLD01_F01,BLD01_F01_ZA,
SEN_DSK_000036,DESK_OCCUPANCY,WORKSPACE,DESK_BLD01_F01_0036,BLD01_F01,BLD01_F01_ZA,
SEN_DSK_000037,DESK_OCCUPANCY,WORKSPACE,DESK_BLD01_F01_0037,BLD01_F01,BLD01_F01_ZA,
SEN_DSK_000038,DESK_OCCUPANCY,WORKSPACE,DESK_BLD01_F01_0038,BLD01_F01,BLD01_F01_ZA,
SEN_DSK_000039,DESK_OCCUPANCY,WORKSPACE,DESK_BLD01_F01_0039,BLD01_F01,BLD01_F01_ZA,
SEN_DSK_000040,DESK_OCCUPANCY,WORKSPACE,DESK_BLD01_F01_0040,BLD01_F01,BLD01_F01_ZA,
SEN_DSK_000041,DESK_OCCUPANCY,WORKSPACE,DESK_BLD01_F01_0041,BLD01_F01,BLD01_F01_ZA,
SEN_DSK_000042,DESK_OCCUPANCY,WORKSPACE,DESK_BLD01_F01_0042,BLD01_F01,BLD01_F01_ZA,
SEN_DSK_000043,DESK_OCCUPANCY,WORKSPACE,DESK_BLD01_F01_0043,BLD01_F01,BLD01_F01_ZA,
SEN_DSK_000044,DESK_OCCUPANCY,WORKSPACE,DESK_BLD01_F01_0044,BLD01_F01,BLD01_F01_ZA,
SEN_DSK_000045,DESK_OCCUPANCY,WORKSPACE,DESK_BLD01_F01_0045,BLD01_F01,BLD01_F01_ZA,
SEN_DSK_000046,DESK_OCCUPANCY,WORKSPACE,DESK_BLD01_F01_0046,BLD01_F01,BLD01_F01_ZA,
SEN_DSK_000047,DESK_OCCUPANCY,WORKSPACE,DESK_BLD01_F01_0047,BLD01_F01,BLD01_F01_ZA,
SEN_DSK_000048,DESK_OCCUPANCY,WORKSPACE,DESK_BLD01_F01_0048,BLD01_F01,BLD01_F01_ZA,
SEN_DSK_000049,DESK_OCCUPANCY,WORKSPACE,DESK_BLD01_F01_0049,BLD01_F01,BLD01_F01_ZA,
SEN_DSK_000050,DESK_OCCUPANCY,WORKSPACE,DESK_BLD01_F01_0050,BLD01_F01,BLD01_F01_ZA,
SEN_DSK_000051,DESK_OCCUPANCY,WORKSPACE,DESK_BLD01_F01_0051,BLD01_F01,BLD01_F01_ZB,
SEN_DSK_000052,DESK_OCCUPANCY,WORKSPACE,DESK_BLD01_F01_0052,BLD01_F01,BLD01_F01_ZB,
SEN_DSK_000053,DESK_OCCUPANCY,WORKSPACE,DESK_BLD01_F01_0053,BLD01_F01,BLD01_F01_ZB,
SEN_DSK_000054,DESK_OCCUPANCY,WORKSPACE,DESK_BLD01_F01_0054,BLD01_F01,BLD01_F01_ZB,
SEN_DSK_000055,DESK_OCCUPANCY,WORKSPACE,DESK_BLD01_F01_0055,BLD01_F01,BLD01_F01_ZB,
SEN_DSK_000056,DESK_OCCUPANCY,WORKSPACE,DESK_BLD01_F01_0056,BLD01_F01,BLD01_F01_ZB,
SEN_DSK_000057,DESK_OCCUPANCY,WORKSPACE,DESK_BLD01_F01_0057,BLD01_F01,BLD01_F01_ZB,
SEN_DSK_000058,DESK_OCCUPANCY,WORKSPACE,DESK_BLD01_F01_0058,BLD01_F01,BLD01_F01_ZB,
SEN_DSK_000059,DESK_OCCUPANCY,WORKSPACE,DESK_BLD01_F01_0059,BLD01_F01,BLD01_F01_ZB,
SEN_DSK_000060,DESK_OCCUPANCY,WORKSPACE,DESK_BLD01_F01_0060,BLD01_F01,BLD01_F01_ZB,
SEN_DSK_000061,DESK_OCCUPANCY,WORKSPACE,DESK_BLD01_F01_0061,BLD01_F01,BLD01_F01_ZB,
SEN_DSK_000062,DESK_OCCUPANCY,WORKSPACE,DESK_BLD01_F01_0062,BLD01_F01,BLD01_F01_ZB,
SEN_DSK_000063,DESK_OCCUPANCY,WORKSPACE,DESK_BLD01_F01_0063,BLD01_F01,BLD01_F01_ZB,
SEN_DSK_000064,DESK_OCCUPANCY,WORKSPACE,DESK_BLD01_F01_0064,BLD01_F01,BLD01_F01_ZB,
SEN_DSK_000065,DESK_OCCUPANCY,WORKSPACE,DESK_BLD01_F01_0065,BLD01_F01,BLD01_F01_ZB,
SEN_DSK_000066,DESK_OCCUPANCY,WORKSPACE,DESK_BLD01_F01_0066,BLD01_F01,BLD01_F01_ZB,
SEN_DSK_000067,DESK_OCCUPANCY,WORKSPACE,DESK_BLD01_F01_0067,BLD01_F01,BLD01_F01_ZB,
SEN_DSK_000068,DESK_OCCUPANCY,WORKSPACE,DESK_BLD01_F01_0068,BLD01_F01,BLD01_F01_ZB,
SEN_DSK_000069,DESK_OCCUPANCY,WORKSPACE,DESK_BLD01_F01_0069,BLD01_F01,BLD01_F01_ZB,
SEN_DSK_000070,DESK_OCCUPANCY,WORKSPACE,DESK_BLD01_F01_0070,BLD01_F01,BLD01_F01_ZB,
SEN_DSK_000071,DESK_OCCUPANCY,WORKSPACE,DESK_BLD01_F01_0071,BLD01_F01,BLD01_F01_ZB,
SEN_DSK_000072,DESK_OCCUPANCY,WORKSPACE,DESK_BLD01_F01_0072,BLD01_F01,BLD01_F01_ZB,
SEN_DSK_000073,DESK_OCCUPANCY,WORKSPACE,DESK_BLD01_F01_0073,BLD01_F01,BLD01_F01_ZB,
SEN_DSK_000074,DESK_OCCUPANCY,WORKSPACE,DESK_BLD01_F01_0074,BLD01_F01,BLD01_F01_ZB,
SEN_DSK_000075,DESK_OCCUPANCY,WORKSPACE,DESK_BLD01_F01_0075,BLD01_F01,BLD01_F01_ZB,
SEN_DSK_000076,DESK_OCCUPANCY,WORKSPACE,DESK_BLD01_F01_0076,BLD01_F01,BLD01_F01_ZB,
SEN_DSK_000077,DESK_OCCUPANCY,WORKSPACE,DESK_BLD01_F01_0077,BLD01_F01,BLD01_F01_ZB,
SEN_DSK_000078,DESK_OCCUPANCY,WORKSPACE,DESK_BLD01_F01_0078,BLD01_F01,BLD01_F01_ZB,
SEN_DSK_000079,DESK_OCCUPANCY,WORKSPACE,DESK_BLD01_F01_0079,BLD01_F01,BLD01_F01_ZB,
SEN_DSK_000080,DESK_OCCUPANCY,WORKSPACE,DESK_BLD01_F01_0080,BLD01_F01,BLD01_F01_ZB,
SEN_DSK_000081,DESK_OCCUPANCY,WORKSPACE,DESK_BLD01_F01_0081,BLD01_F01,BLD01_F01_ZB,
SEN_DSK_000082,DESK_OCCUPANCY,WORKSPACE,DESK_BLD01_F01_0082,BLD01_F01,BLD01_F01_ZB,
SEN_DSK_000083,DESK_OCCUPANCY,WORKSPACE,DESK_BLD01_F01_0083,BLD01_F01,BLD01_F01_ZB,
SEN_DSK_000084,DESK_OCCUPANCY,WORKSPACE,DESK_BLD01_F01_0084,BLD01_F01,BLD01_F01_ZB,
SEN_DSK_000085,DESK_OCCUPANCY,WORKSPACE,DESK_BLD01_F01_0085,BLD01_F01,BLD01_F01_ZB,
SEN_DSK_000086,DESK_OCCUPANCY,WORKSPACE,DESK_BLD01_F01_0086,BLD01_F01,BLD01_F01_ZB,
SEN_DSK_000087,DESK_OCCUPANCY,WORKSPACE,DESK_BLD01_F01_0087,BLD01_F01,BLD01_F01_ZB,
SEN_DSK_000088,DESK_OCCUPANCY,WORKSPACE,DESK_BLD01_F01_0088,BLD01_F01,BLD01_F01_ZB,
SEN_DSK_000089,DESK_OCCUPANCY,WORKSPACE,DESK_BLD01_F01_0089,BLD01_F01,BLD01_F01_ZB,
SEN_DSK_000090,DESK_OCCUPANCY,WORKSPACE,DESK_BLD01_F01_0090,BLD01_F01,BLD01_F01_ZB,
SEN_DSK_000091,DESK_OCCUPANCY,WORKSPACE,DESK_BLD01_F01_0091,BLD01_F01,BLD01_F01_ZB,
SEN_DSK_000092,DESK_OCCUPANCY,WORKSPACE,DESK_BLD01_F01_0092,BLD01_F01,BLD01_F01_ZB,
SEN_DSK_000093,DESK_OCCUPANCY,WORKSPACE,DESK_BLD01_F01_0093,BLD01_F01,BLD01_F01_ZB,
SEN_DSK_000094,DESK_OCCUPANCY,WORKSPACE,DESK_BLD01_F01_0094,BLD01_F01,BLD01_F01_ZB,
SEN_DSK_000095,DESK_OCCUPANCY,WORKSPACE,DESK_BLD01_F01_0095,BLD01_F01,BLD01_F01_ZB,
SEN_DSK_000096,DESK_OCCUPANCY,WORKSPACE,DESK_BLD01_F01_0096,BLD01_F01,BLD01_F01_ZB,
SEN_DSK_000097,DESK_OCCUPANCY,WORKSPACE,DESK_BLD01_F01_0097,BLD01_F01,BLD01_F01_ZB,
SEN_DSK_000098,DESK_OCCUPANCY,WORKSPACE,DESK_BLD01_F01_0098,BLD01_F01,BLD01_F01_ZB,
SEN_DSK_000099,DESK_OCCUPANCY,WORKSPACE,DESK_BLD01_F01_0099,BLD01_F01,BLD01_F01_ZB,
SEN_DSK_000100,DESK_OCCUPANCY,WORKSPACE,DESK_BLD01_F01_0100,BLD01_F01,BLD01_F01_ZB,
SEN_DSK_000101,DESK_OCCUPANCY,WORKSPACE,DESK_BLD01_F01_0101,BLD01_F01,BLD01_F01_ZC,
SEN_DSK_000102,DESK_OCCUPANCY,WORKSPACE,DESK_BLD01_F01_0102,BLD01_F01,BLD01_F01_ZC,
SEN_DSK_000103,DESK_OCCUPANCY,WORKSPACE,DESK_BLD01_F01_0103,BLD01_F01,BLD01_F01_ZC,
SEN_DSK_000104,DESK_OCCUPANCY,WORKSPACE,DESK_BLD01_F01_0104,BLD01_F01,BLD01_F01_ZC,
SEN_DSK_000105,DESK_OCCUPANCY,WORKSPACE,DESK_BLD01_F01_0105,BLD01_F01,BLD01_F01_ZC,
SEN_DSK_000106,DESK_OCCUPANCY,WORKSPACE,DESK_BLD01_F01_0106,BLD01_F01,BLD01_F01_ZC,
SEN_DSK_000107,DESK_OCCUPANCY,WORKSPACE,DESK_BLD01_F01_0107,BLD01_F01,BLD01_F01_ZC,
SEN_DSK_000108,DESK_OCCUPANCY,WORKSPACE,DESK_BLD01_F01_0108,BLD01_F01,BLD01_F01_ZC,
SEN_DSK_000109,DESK_OCCUPANCY,WORKSPACE,DESK_BLD01_F01_0109,BLD01_F01,BLD01_F01_ZC,
SEN_DSK_000110,DESK_OCCUPANCY,WORKSPACE,DESK_BLD01_F01_0110,BLD01_F01,BLD01_F01_ZC,
SEN_DSK_000111,DESK_OCCUPANCY,WORKSPACE,DESK_BLD01_F01_0111,BLD01_F01,BLD01_F01_ZC,
SEN_DSK_000112,DESK_OCCUPANCY,WORKSPACE,DESK_BLD01_F01_0112,BLD01_F01,BLD01_F01_ZC,
SEN_DSK_000113,DESK_OCCUPANCY,WORKSPACE,DESK_BLD01_F01_0113,BLD01_F01,BLD01_F01_ZC,
SEN_DSK_000114,DESK_OCCUPANCY,WORKSPACE,DESK_BLD01_F01_0114,BLD01_F01,BLD01_F01_ZC,
SEN_DSK_000115,DESK_OCCUPANCY,WORKSPACE,DESK_BLD01_F01_0115,BLD01_F01,BLD01_F01_ZC,
SEN_DSK_000116,DESK_OCCUPANCY,WORKSPACE,DESK_BLD01_F01_0116,BLD01_F01,BLD01_F01_ZC,
SEN_DSK_000117,DESK_OCCUPANCY,WORKSPACE,DESK_BLD01_F01_0117,BLD01_F01,BLD01_F01_ZC,
SEN_DSK_000118,DESK_OCCUPANCY,WORKSPACE,DESK_BLD01_F01_0118,BLD01_F01,BLD01_F01_ZC,
SEN_DSK_000119,DESK_OCCUPANCY,WORKSPACE,DESK_BLD01_F01_0119,BLD01_F01,BLD01_F01_ZC,
SEN_DSK_000120,DESK_OCCUPANCY,WORKSPACE,DESK_BLD01_F01_0120,BLD01_F01,BLD01_F01_ZC,
SEN_DSK_000121,DESK_OCCUPANCY,WORKSPACE,DESK_BLD01_F01_0121,BLD01_F01,BLD01_F01_ZC,
SEN_DSK_000122,DESK_OCCUPANCY,WORKSPACE,DESK_BLD01_F01_0122,BLD01_F01,BLD01_F01_ZC,
SEN_DSK_000123,DESK_OCCUPANCY,WORKSPACE,DESK_BLD01_F01_0123,BLD01_F01,BLD01_F01_ZC,
SEN_DSK_000124,DESK_OCCUPANCY,WORKSPACE,DESK_BLD01_F01_0124,BLD01_F01,BLD01_F01_ZC,
SEN_DSK_000125,DESK_OCCUPANCY,WORKSPACE,DESK_BLD01_F01_0125,BLD01_F01,BLD01_F01_ZC,
SEN_DSK_000126,DESK_OCCUPANCY,WORKSPACE,DESK_BLD01_F01_0126,BLD01_F01,BLD01_F01_ZC,
SEN_DSK_000127,DESK_OCCUPANCY,WORKSPACE,DESK_BLD01_F01_0127,BLD01_F01,BLD01_F01_ZC,
SEN_DSK_000128,DESK_OCCUPANCY,WORKSPACE,DESK_BLD01_F01_0128,BLD01_F01,BLD01_F01_ZC,
SEN_DSK_000129,DESK_OCCUPANCY,WORKSPACE,DESK_BLD01_F01_0129,BLD01_F01,BLD01_F01_ZC,
SEN_DSK_000130,DESK_OCCUPANCY,WORKSPACE,DESK_BLD01_F01_0130,BLD01_F01,BLD01_F01_ZC,
SEN_DSK_000131,DESK_OCCUPANCY,WORKSPACE,DESK_BLD01_F01_0131,BLD01_F01,BLD01_F01_ZC,
SEN_DSK_000132,DESK_OCCUPANCY,WORKSPACE,DESK_BLD01_F01_0132,BLD01_F01,BLD01_F01_ZC,
SEN_DSK_000133,DESK_OCCUPANCY,WORKSPACE,DESK_BLD01_F01_0133,BLD01_F01,BLD01_F01_ZC,
SEN_DSK_000134,DESK_OCCUPANCY,WORKSPACE,DESK_BLD01_F01_0134,BLD01_F01,BLD01_F01_ZC,
SEN_DSK_000135,DESK_OCCUPANCY,WORKSPACE,DESK_BLD01_F01_0135,BLD01_F01,BLD01_F01_ZC,
SEN_DSK_000136,DESK_OCCUPANCY,WORKSPACE,DESK_BLD01_F01_0136,BLD01_F01,BLD01_F01_ZC,
SEN_DSK_000137,DESK_OCCUPANCY,WORKSPACE,DESK_BLD01_F01_0137,BLD01_F01,BLD01_F01_ZC,
SEN_DSK_000138,DESK_OCCUPANCY,WORKSPACE,DESK_BLD01_F01_0138,BLD01_F01,BLD01_F01_ZC,
SEN_DSK_000139,DESK_OCCUPANCY,WORKSPACE,DESK_BLD01_F01_0139,BLD01_F01,BLD01_F01_ZC,
SEN_DSK_000140,DESK_OCCUPANCY,WORKSPACE,DESK_BLD01_F01_0140,BLD01_F01,BLD01_F01_ZC,
SEN_DSK_000141,DESK_OCCUPANCY,WORKSPACE,DESK_BLD01_F01_0141,BLD01_F01,BLD01_F01_ZC,
SEN_DSK_000142,DESK_OCCUPANCY,WORKSPACE,DESK_BLD01_F01_0142,BLD01_F01,BLD01_F01_ZC,
SEN_DSK_000143,DESK_OCCUPANCY,WORKSPACE,DESK_BLD01_F01_0143,BLD01_F01,BLD01_F01_ZC,
SEN_DSK_000144,DESK_OCCUPANCY,WORKSPACE,DESK_BLD01_F01_0144,BLD01_F01,BLD01_F01_ZC,
SEN_DSK_000145,DESK_OCCUPANCY,WORKSPACE,DESK_BLD01_F01_0145,BLD01_F01,BLD01_F01_ZC,
SEN_DSK_000146,DESK_OCCUPANCY,WORKSPACE,DESK_BLD01_F01_0146,BLD01_F01,BLD01_F01_ZC,
SEN_DSK_000147,DESK_OCCUPANCY,WORKSPACE,DESK_BLD01_F01_0147,BLD01_F01,BLD01_F01_ZC,
SEN_DSK_000148,DESK_OCCUPANCY,WORKSPACE,DESK_BLD01_F01_0148,BLD01_F01,BLD01_F01_ZC,
SEN_DSK_000149,DESK_OCCUPANCY,WORKSPACE,DESK_BLD01_F01_0149,BLD01_F01,BLD01_F01_ZC,
SEN_DSK_000150,DESK_OCCUPANCY,WORKSPACE,DESK_BLD01_F01_0150,BLD01_F01,BLD01_F01_ZC,
SEN_DSK_000151,DESK_OCCUPANCY,WORKSPACE,DESK_BLD01_F01_0151,BLD01_F01,BLD01_F01_ZD,
SEN_DSK_000152,DESK_OCCUPANCY,WORKSPACE,DESK_BLD01_F01_0152,BLD01_F01,BLD01_F01_ZD,
SEN_DSK_000153,DESK_OCCUPANCY,WORKSPACE,DESK_BLD01_F01_0153,BLD01_F01,BLD01_F01_ZD,
SEN_DSK_000154,DESK_OCCUPANCY,WORKSPACE,DESK_BLD01_F01_0154,BLD01_F01,BLD01_F01_ZD,
SEN_DSK_000155,DESK_OCCUPANCY,WORKSPACE,DESK_BLD01_F01_0155,BLD01_F01,BLD01_F01_ZD,
SEN_DSK_000156,DESK_OCCUPANCY,WORKSPACE,DESK_BLD01_F01_0156,BLD01_F01,BLD01_F01_ZD,
SEN_DSK_000157,DESK_OCCUPANCY,WORKSPACE,DESK_BLD01_F01_0157,BLD01_F01,BLD01_F01_ZD,
SEN_DSK_000158,DESK_OCCUPANCY,WORKSPACE,DESK_BLD01_F01_0158,BLD01_F01,BLD01_F01_ZD,
SEN_DSK_000159,DESK_OCCUPANCY,WORKSPACE,DESK_BLD01_F01_0159,BLD01_F01,BLD01_F01_ZD,
SEN_DSK_000160,DESK_OCCUPANCY,WORKSPACE,DESK_BLD01_F01_0160,BLD01_F01,BLD01_F01_ZD,
SEN_DSK_000161,DESK_OCCUPANCY,WORKSPACE,DESK_BLD01_F01_0161,BLD01_F01,BLD01_F01_ZD,
SEN_DSK_000162,DESK_OCCUPANCY,WORKSPACE,DESK_BLD01_F01_0162,BLD01_F01,BLD01_F01_ZD,
SEN_DSK_000163,DESK_OCCUPANCY,WORKSPACE,DESK_BLD01_F01_0163,BLD01_F01,BLD01_F01_ZD,
SEN_DSK_000164,DESK_OCCUPANCY,WORKSPACE,DESK_BLD01_F01_0164,BLD01_F01,BLD01_F01_ZD,
SEN_DSK_000165,DESK_OCCUPANCY,WORKSPACE,DESK_BLD01_F01_0165,BLD01_F01,BLD01_F01_ZD,
SEN_DSK_000166,DESK_OCCUPANCY,WORKSPACE,DESK_BLD01_F01_0166,BLD01_F01,BLD01_F01_ZD,
SEN_DSK_000167,DESK_OCCUPANCY,WORKSPACE,DESK_BLD01_F01_0167,BLD01_F01,BLD01_F01_ZD,
SEN_DSK_000168,DESK_OCCUPANCY,WORKSPACE,DESK_BLD01_F01_0168,BLD01_F01,BLD01_F01_ZD,
SEN_DSK_000169,DESK_OCCUPANCY,WORKSPACE,DESK_BLD01_F01_0169,BLD01_F01,BLD01_F01_ZD,
SEN_DSK_000170,DESK_OCCUPANCY,WORKSPACE,DESK_BLD01_F01_0170,BLD01_F01,BLD01_F01_ZD,
SEN_DSK_000171,DESK_OCCUPANCY,WORKSPACE,DESK_BLD01_F01_0171,BLD01_F01,BLD01_F01_ZD,
SEN_DSK_000172,DESK_OCCUPANCY,WORKSPACE,DESK_BLD01_F01_0172,BLD01_F01,BLD01_F01_ZD,
SEN_DSK_000173,DESK_OCCUPANCY,WORKSPACE,DESK_BLD01_F01_0173,BLD01_F01,BLD01_F01_ZD,
SEN_DSK_000174,DESK_OCCUPANCY,WORKSPACE,DESK_BLD01_F01_0174,BLD01_F01,BLD01_F01_ZD,
SEN_DSK_000175,DESK_OCCUPANCY,WORKSPACE,DESK_BLD01_F01_0175,BLD01_F01,BLD01_F01_ZD,
SEN_DSK_000176,DESK_OCCUPANCY,WORKSPACE,DESK_BLD01_F01_0176,BLD01_F01,BLD01_F01_ZD,
SEN_DSK_000177,DESK_OCCUPANCY,WORKSPACE,DESK_BLD01_F01_0177,BLD01_F01,BLD01_F01_ZD,
SEN_DSK_000178,DESK_OCCUPANCY,WORKSPACE,DESK_BLD01_F01_0178,BLD01_F01,BLD01_F01_ZD,
SEN_DSK_000179,DESK_OCCUPANCY,WORKSPACE,DESK_BLD01_F01_0179,BLD01_F01,BLD01_F01_ZD,
SEN_DSK_000180,DESK_OCCUPANCY,WORKSPACE,DESK_BLD01_F01_0180,BLD01_F01,BLD01_F01_ZD,
SEN_DSK_000181,DESK_OCCUPANCY,WORKSPACE,DESK_BLD01_F01_0181,BLD01_F01,BLD01_F01_ZD,
SEN_DSK_000182,DESK_OCCUPANCY,WORKSPACE,DESK_BLD01_F01_0182,BLD01_F01,BLD01_F01_ZD,
SEN_DSK_000183,DESK_OCCUPANCY,WORKSPACE,DESK_BLD01_F01_0183,BLD01_F01,BLD01_F01_ZD,
SEN_DSK_000184,DESK_OCCUPANCY,WORKSPACE,DESK_BLD01_F01_0184,BLD01_F01,BLD01_F01_ZD,
SEN_DSK_000185,DESK_OCCUPANCY,WORKSPACE,DESK_BLD01_F01_0185,BLD01_F01,BLD01_F01_ZD,
SEN_DSK_000186,DESK_OCCUPANCY,WORKSPACE,DESK_BLD01_F01_0186,BLD01_F01,BLD01_F01_ZD,
SEN_DSK_000187,DESK_OCCUPANCY,WORKSPACE,DESK_BLD01_F01_0187,BLD01_F01,BLD01_F01_ZD,
SEN_DSK_000188,DESK_OCCUPANCY,WORKSPACE,DESK_BLD01_F01_0188,BLD01_F01,BLD01_F01_ZD,
SEN_DSK_000189,DESK_OCCUPANCY,WORKSPACE,DESK_BLD01_F01_0189,BLD01_F01,BLD01_F01_ZD,
SEN_DSK_000190,DESK_OCCUPANCY,WORKSPACE,DESK_BLD01_F01_0190,BLD01_F01,BLD01_F01_ZD,
SEN_DSK_000191,DESK_OCCUPANCY,WORKSPACE,DESK_BLD01_F01_0191,BLD01_F01,BLD01_F01_ZD,
SEN_DSK_000192,DESK_OCCUPANCY,WORKSPACE,DESK_BLD01_F01_0192,BLD01_F01,BLD01_F01_ZD,
SEN_DSK_000193,DESK_OCCUPANCY,WORKSPACE,DESK_BLD01_F01_0193,BLD01_F01,BLD01_F01_ZD,
SEN_DSK_000194,DESK_OCCUPANCY,WORKSPACE,DESK_BLD01_F01_0194,BLD01_F01,BLD01_F01_ZD,
SEN_DSK_000195,DESK_OCCUPANCY,WORKSPACE,DESK_BLD01_F01_0195,BLD01_F01,BLD01_F01_ZD,
SEN_DSK_000196,DESK_OCCUPANCY,WORKSPACE,DESK_BLD01_F01_0196,BLD01_F01,BLD01_F01_ZD,
SEN_DSK_000197,DESK_OCCUPANCY,WORKSPACE,DESK_BLD01_F01_0197,BLD01_F01,BLD01_F01_ZD,
SEN_DSK_000198,DESK_OCCUPANCY,WORKSPACE,DESK_BLD01_F01_0198,BLD01_F01,BLD01_F01_ZD,
SEN_DSK_000199,DESK_OCCUPANCY,WORKSPACE,DESK_BLD01_F01_0199,BLD01_F01,BLD01_F01_ZD,
SEN_DSK_000200,DESK_OCCUPANCY,WORKSPACE,DESK_BLD01_F01_0200,BLD01_F01,BLD01_F01_ZD,
SEN_RM_000001,ROOM_COUNT,ROOM,ROOM_BLD01_F01_001,BLD01_F01,BLD01_F01_ZMTG,
SEN_RM_000002,ROOM_COUNT,ROOM,ROOM_BLD01_F01_002,BLD01_F01,BLD01_F01_ZMTG,
SEN_RM_000003,ROOM_COUNT,ROOM,ROOM_BLD01_F01_003,BLD01_F01,BLD01_F01_ZMTG,
SEN_RM_000004,ROOM_COUNT,ROOM,ROOM_BLD01_F01_004,BLD01_F01,BLD01_F01_ZMTG,
SEN_RM_000005,ROOM_COUNT,ROOM,ROOM_BLD01_F01_005,BLD01_F01,BLD01_F01_ZMTG,
SEN_RM_000006,ROOM_COUNT,ROOM,ROOM_BLD01_F01_006,BLD01_F01,BLD01_F01_ZMTG,
SEN_RM_000007,ROOM_COUNT,ROOM,ROOM_BLD01_F01_007,BLD01_F01,BLD01_F01_ZMTG,
SEN_RM_000008,ROOM_COUNT,ROOM,ROOM_BLD01_F01_008,BLD01_F01,BLD01_F01_ZMTG,
SEN_RM_000009,ROOM_COUNT,ROOM,ROOM_BLD01_F01_009,BLD01_F01,BLD01_F01_ZMTG,
SEN_RM_000010,ROOM_COUNT,ROOM,AREA_BLD01_F01_CAF,BLD01_F01,BLD01_F01_ZCOM,
SEN_RM_000011,ROOM_COUNT,ROOM,AREA_BLD01_F01_LOU,BLD01_F01,BLD01_F01_ZCOM,
SEN_ENV_000001,ENVIRONMENT,ZONE,BLD01_F01_ZLOB,BLD01_F01,BLD01_F01_ZLOB,"[""TEMPERATURE"", ""HUMIDITY"", ""CO2"", ""LIGHT"", ""NOISE""]"
SEN_ENV_000002,ENVIRONMENT,ZONE,BLD01_F01_ZA,BLD01_F01,BLD01_F01_ZA,"[""TEMPERATURE"", ""HUMIDITY"", ""CO2"", ""LIGHT"", ""NOISE""]"
SEN_ENV_000003,ENVIRONMENT,ZONE,BLD01_F01_ZB,BLD01_F01,BLD01_F01_ZB,"[""TEMPERATURE"", ""HUMIDITY"", ""CO2"", ""LIGHT"", ""NOISE""]"
SEN_ENV_000004,ENVIRONMENT,ZONE,BLD01_F01_ZC,BLD01_F01,BLD01_F01_ZC,"[""TEMPERATURE"", ""HUMIDITY"", ""CO2"", ""LIGHT"", ""NOISE""]"
SEN_ENV_000005,ENVIRONMENT,ZONE,BLD01_F01_ZD,BLD01_F01,BLD01_F01_ZD,"[""TEMPERATURE"", ""HUMIDITY"", ""CO2"", ""LIGHT"", ""NOISE""]"
SEN_ENV_000006,ENVIRONMENT,ZONE,BLD01_F01_ZMTG,BLD01_F01,BLD01_F01_ZMTG,"[""TEMPERATURE"", ""HUMIDITY"", ""CO2"", ""LIGHT"", ""NOISE""]"
SEN_ENV_000007,ENVIRONMENT,ZONE,BLD01_F01_ZCOM,BLD01_F01,BLD01_F01_ZCOM,"[""TEMPERATURE"", ""HUMIDITY"", ""CO2"", ""LIGHT"", ""NOISE""]"
SEN_DSK_000201,DESK_OCCUPANCY,WORKSPACE,DESK_BLD01_F02_0201,BLD01_F02,BLD01_F02_ZA,
SEN_DSK_000202,DESK_OCCUPANCY,WORKSPACE,DESK_BLD01_F02_0202,BLD01_F02,BLD01_F02_ZA,
SEN_DSK_000203,DESK_OCCUPANCY,WORKSPACE,DESK_BLD01_F02_0203,BLD01_F02,BLD01_F02_ZA,
SEN_DSK_000204,DESK_OCCUPANCY,WORKSPACE,DESK_BLD01_F02_0204,BLD01_F02,BLD01_F02_ZA,
SEN_DSK_000205,DESK_OCCUPANCY,WORKSPACE,DESK_BLD01_F02_0205,BLD01_F02,BLD01_F02_ZA,
SEN_DSK_000206,DESK_OCCUPANCY,WORKSPACE,DESK_BLD01_F02_0206,BLD01_F02,BLD01_F02_ZA,
SEN_DSK_000207,DESK_OCCUPANCY,WORKSPACE,DESK_BLD01_F02_0207,BLD01_F02,BLD01_F02_ZA,
SEN_DSK_000208,DESK_OCCUPANCY,WORKSPACE,DESK_BLD01_F02_0208,BLD01_F02,BLD01_F02_ZA,
SEN_DSK_000209,DESK_OCCUPANCY,WORKSPACE,DESK_BLD01_F02_0209,BLD01_F02,BLD01_F02_ZA,
SEN_DSK_000210,DESK_OCCUPANCY,WORKSPACE,DESK_BLD01_F02_0210,BLD01_F02,BLD01_F02_ZA,
SEN_DSK_000211,DESK_OCCUPANCY,WORKSPACE,DESK_BLD01_F02_0211,BLD01_F02,BLD01_F02_ZA,
SEN_DSK_000212,DESK_OCCUPANCY,WORKSPACE,DESK_BLD01_F02_0212,BLD01_F02,BLD01_F02_ZA,
SEN_DSK_000213,DESK_OCCUPANCY,WORKSPACE,DESK_BLD01_F02_0213,BLD01_F02,BLD01_F02_ZA,
SEN_DSK_000214,DESK_OCCUPANCY,WORKSPACE,DESK_BLD01_F02_0214,BLD01_F02,BLD01_F02_ZA,
SEN_DSK_000215,DESK_OCCUPANCY,WORKSPACE,DESK_BLD01_F02_0215,BLD01_F02,BLD01_F02_ZA,
SEN_DSK_000216,DESK_OCCUPANCY,WORKSPACE,DESK_BLD01_F02_0216,BLD01_F02,BLD01_F02_ZA,
SEN_DSK_000217,DESK_OCCUPANCY,WORKSPACE,DESK_BLD01_F02_0217,BLD01_F02,BLD01_F02_ZA,
SEN_DSK_000218,DESK_OCCUPANCY,WORKSPACE,DESK_BLD01_F02_0218,BLD01_F02,BLD01_F02_ZA,
SEN_DSK_000219,DESK_OCCUPANCY,WORKSPACE,DESK_BLD01_F02_0219,BLD01_F02,BLD01_F02_ZA,
SEN_DSK_000220,DESK_OCCUPANCY,WORKSPACE,DESK_BLD01_F02_0220,BLD01_F02,BLD01_F02_ZA,
SEN_DSK_000221,DESK_OCCUPANCY,WORKSPACE,DESK_BLD01_F02_0221,BLD01_F02,BLD01_F02_ZA,
SEN_DSK_000222,DESK_OCCUPANCY,WORKSPACE,DESK_BLD01_F02_0222,BLD01_F02,BLD01_F02_ZA,
SEN_DSK_000223,DESK_OCCUPANCY,WORKSPACE,DESK_BLD01_F02_0223,BLD01_F02,BLD01_F02_ZA,
SEN_DSK_000224,DESK_OCCUPANCY,WORKSPACE,DESK_BLD01_F02_0224,BLD01_F02,BLD01_F02_ZA,
SEN_DSK_000225,DESK_OCCUPANCY,WORKSPACE,DESK_BLD01_F02_0225,BLD01_F02,BLD01_F02_ZA,
SEN_DSK_000226,DESK_OCCUPANCY,WORKSPACE,DESK_BLD01_F02_0226,BLD01_F02,BLD01_F02_ZA,
SEN_DSK_000227,DESK_OCCUPANCY,WORKSPACE,DESK_BLD01_F02_0227,BLD01_F02,BLD01_F02_ZA,
SEN_DSK_000228,DESK_OCCUPANCY,WORKSPACE,DESK_BLD01_F02_0228,BLD01_F02,BLD01_F02_ZA,
SEN_DSK_000229,DESK_OCCUPANCY,WORKSPACE,DESK_BLD01_F02_0229,BLD01_F02,BLD01_F02_ZA,
SEN_DSK_000230,DESK_OCCUPANCY,WORKSPACE,DESK_BLD01_F02_0230,BLD01_F02,BLD01_F02_ZA,
SEN_DSK_000231,DESK_OCCUPANCY,WORKSPACE,DESK_BLD01_F02_0231,BLD01_F02,BLD01_F02_ZA,
SEN_DSK_000232,DESK_OCCUPANCY,WORKSPACE,DESK_BLD01_F02_0232,BLD01_F02,BLD01_F02_ZA,
SEN_DSK_000233,DESK_OCCUPANCY,WORKSPACE,DESK_BLD01_F02_0233,BLD01_F02,BLD01_F02_ZA,
SEN_DSK_000234,DESK_OCCUPANCY,WORKSPACE,DESK_BLD01_F02_0234,BLD01_F02,BLD01_F02_ZA,
SEN_DSK_000235,DESK_OCCUPANCY,WORKSPACE,DESK_BLD01_F02_0235,BLD01_F02,BLD01_F02_ZA,
SEN_DSK_000236,DESK_OCCUPANCY,WORKSPACE,DESK_BLD01_F02_0236,BLD01_F02,BLD01_F02_ZA,
SEN_DSK_000237,DESK_OCCUPANCY,WORKSPACE,DESK_BLD01_F02_0237,BLD01_F02,BLD01_F02_ZA,
SEN_DSK_000238,DESK_OCCUPANCY,WORKSPACE,DESK_BLD01_F02_0238,BLD01_F02,BLD01_F02_ZA,
SEN_DSK_000239,DESK_OCCUPANCY,WORKSPACE,DESK_BLD01_F02_0239,BLD01_F02,BLD01_F02_ZA,
SEN_DSK_000240,DESK_OCCUPANCY,WORKSPACE,DESK_BLD01_F02_0240,BLD01_F02,BLD01_F02_ZA,
SEN_DSK_000241,DESK_OCCUPANCY,WORKSPACE,DESK_BLD01_F02_0241,BLD01_F02,BLD01_F02_ZA,
SEN_DSK_000242,DESK_OCCUPANCY,WORKSPACE,DESK_BLD01_F02_0242,BLD01_F02,BLD01_F02_ZA,
SEN_DSK_000243,DESK_OCCUPANCY,WORKSPACE,DESK_BLD01_F02_0243,BLD01_F02,BLD01_F02_ZA,
SEN_DSK_000244,DESK_OCCUPANCY,WORKSPACE,DESK_BLD01_F02_0244,BLD01_F02,BLD01_F02_ZA,
SEN_DSK_000245,DESK_OCCUPANCY,WORKSPACE,DESK_BLD01_F02_0245,BLD01_F02,BLD01_F02_ZA,
SEN_DSK_000246,DESK_OCCUPANCY,WORKSPACE,DESK_BLD01_F02_0246,BLD01_F02,BLD01_F02_ZA,
SEN_DSK_000247,DESK_OCCUPANCY,WORKSPACE,DESK_BLD01_F02_0247,BLD01_F02,BLD01_F02_ZA,
SEN_DSK_000248,DESK_OCCUPANCY,WORKSPACE,DESK_BLD01_F02_0248,BLD01_F02,BLD01_F02_ZA,
SEN_DSK_000249,DESK_OCCUPANCY,WORKSPACE,DESK_BLD01_F02_0249,BLD01_F02,BLD01_F02_ZA,
SEN_DSK_000250,DESK_OCCUPANCY,WORKSPACE,DESK_BLD01_F02_0250,BLD01_F02,BLD01_F02_ZA,
SEN_DSK_000251,DESK_OCCUPANCY,WORKSPACE,DESK_BLD01_F02_0251,BLD01_F02,BLD01_F02_ZB,
SEN_DSK_000252,DESK_OCCUPANCY,WORKSPACE,DESK_BLD01_F02_0252,BLD01_F02,BLD01_F02_ZB,
SEN_DSK_000253,DESK_OCCUPANCY,WORKSPACE,DESK_BLD01_F02_0253,BLD01_F02,BLD01_F02_ZB,
SEN_DSK_000254,DESK_OCCUPANCY,WORKSPACE,DESK_BLD01_F02_0254,BLD01_F02,BLD01_F02_ZB,
SEN_DSK_000255,DESK_OCCUPANCY,WORKSPACE,DESK_BLD01_F02_0255,BLD01_F02,BLD01_F02_ZB,
SEN_DSK_000256,DESK_OCCUPANCY,WORKSPACE,DESK_BLD01_F02_0256,BLD01_F02,BLD01_F02_ZB,
SEN_DSK_000257,DESK_OCCUPANCY,WORKSPACE,DESK_BLD01_F02_0257,BLD01_F02,BLD01_F02_ZB,
SEN_DSK_000258,DESK_OCCUPANCY,WORKSPACE,DESK_BLD01_F02_0258,BLD01_F02,BLD01_F02_ZB,
SEN_DSK_000259,DESK_OCCUPANCY,WORKSPACE,DESK_BLD01_F02_0259,BLD01_F02,BLD01_F02_ZB,
SEN_DSK_000260,DESK_OCCUPANCY,WORKSPACE,DESK_BLD01_F02_0260,BLD01_F02,BLD01_F02_ZB,
SEN_DSK_000261,DESK_OCCUPANCY,WORKSPACE,DESK_BLD01_F02_0261,BLD01_F02,BLD01_F02_ZB,
SEN_DSK_000262,DESK_OCCUPANCY,WORKSPACE,DESK_BLD01_F02_0262,BLD01_F02,BLD01_F02_ZB,
SEN_DSK_000263,DESK_OCCUPANCY,WORKSPACE,DESK_BLD01_F02_0263,BLD01_F02,BLD01_F02_ZB,
SEN_DSK_000264,DESK_OCCUPANCY,WORKSPACE,DESK_BLD01_F02_0264,BLD01_F02,BLD01_F02_ZB,
SEN_DSK_000265,DESK_OCCUPANCY,WORKSPACE,DESK_BLD01_F02_0265,BLD01_F02,BLD01_F02_ZB,
SEN_DSK_000266,DESK_OCCUPANCY,WORKSPACE,DESK_BLD01_F02_0266,BLD01_F02,BLD01_F02_ZB,
SEN_DSK_000267,DESK_OCCUPANCY,WORKSPACE,DESK_BLD01_F02_0267,BLD01_F02,BLD01_F02_ZB,
SEN_DSK_000268,DESK_OCCUPANCY,WORKSPACE,DESK_BLD01_F02_0268,BLD01_F02,BLD01_F02_ZB,
SEN_DSK_000269,DESK_OCCUPANCY,WORKSPACE,DESK_BLD01_F02_0269,BLD01_F02,BLD01_F02_ZB,
SEN_DSK_000270,DESK_OCCUPANCY,WORKSPACE,DESK_BLD01_F02_0270,BLD01_F02,BLD01_F02_ZB,
SEN_DSK_000271,DESK_OCCUPANCY,WORKSPACE,DESK_BLD01_F02_0271,BLD01_F02,BLD01_F02_ZB,
SEN_DSK_000272,DESK_OCCUPANCY,WORKSPACE,DESK_BLD01_F02_0272,BLD01_F02,BLD01_F02_ZB,
SEN_DSK_000273,DESK_OCCUPANCY,WORKSPACE,DESK_BLD01_F02_0273,BLD01_F02,BLD01_F02_ZB,
SEN_DSK_000274,DESK_OCCUPANCY,WORKSPACE,DESK_BLD01_F02_0274,BLD01_F02,BLD01_F02_ZB,
SEN_DSK_000275,DESK_OCCUPANCY,WORKSPACE,DESK_BLD01_F02_0275,BLD01_F02,BLD01_F02_ZB,
SEN_DSK_000276,DESK_OCCUPANCY,WORKSPACE,DESK_BLD01_F02_0276,BLD01_F02,BLD01_F02_ZB,
SEN_DSK_000277,DESK_OCCUPANCY,WORKSPACE,DESK_BLD01_F02_0277,BLD01_F02,BLD01_F02_ZB,
SEN_DSK_000278,DESK_OCCUPANCY,WORKSPACE,DESK_BLD01_F02_0278,BLD01_F02,BLD01_F02_ZB,
SEN_DSK_000279,DESK_OCCUPANCY,WORKSPACE,DESK_BLD01_F02_0279,BLD01_F02,BLD01_F02_ZB,
SEN_DSK_000280,DESK_OCCUPANCY,WORKSPACE,DESK_BLD01_F02_0280,BLD01_F02,BLD01_F02_ZB,
SEN_DSK_000281,DESK_OCCUPANCY,WORKSPACE,DESK_BLD01_F02_0281,BLD01_F02,BLD01_F02_ZB,
SEN_DSK_000282,DESK_OCCUPANCY,WORKSPACE,DESK_BLD01_F02_0282,BLD01_F02,BLD01_F02_ZB,
SEN_DSK_000283,DESK_OCCUPANCY,WORKSPACE,DESK_BLD01_F02_0283,BLD01_F02,BLD01_F02_ZB,
SEN_DSK_000284,DESK_OCCUPANCY,WORKSPACE,DESK_BLD01_F02_0284,BLD01_F02,BLD01_F02_ZB,
SEN_DSK_000285,DESK_OCCUPANCY,WORKSPACE,DESK_BLD01_F02_0285,BLD01_F02,BLD01_F02_ZB,
SEN_DSK_000286,DESK_OCCUPANCY,WORKSPACE,DESK_BLD01_F02_0286,BLD01_F02,BLD01_F02_ZB,
SEN_DSK_000287,DESK_OCCUPANCY,WORKSPACE,DESK_BLD01_F02_0287,BLD01_F02,BLD01_F02_ZB,
SEN_DSK_000288,DESK_OCCUPANCY,WORKSPACE,DESK_BLD01_F02_0288,BLD01_F02,BLD01_F02_ZB,
SEN_DSK_000289,DESK_OCCUPANCY,WORKSPACE,DESK_BLD01_F02_0289,BLD01_F02,BLD01_F02_ZB,
SEN_DSK_000290,DESK_OCCUPANCY,WORKSPACE,DESK_BLD01_F02_0290,BLD01_F02,BLD01_F02_ZB,
SEN_DSK_000291,DESK_OCCUPANCY,WORKSPACE,DESK_BLD01_F02_0291,BLD01_F02,BLD01_F02_ZB,
SEN_DSK_000292,DESK_OCCUPANCY,WORKSPACE,DESK_BLD01_F02_0292,BLD01_F02,BLD01_F02_ZB,
SEN_DSK_000293,DESK_OCCUPANCY,WORKSPACE,DESK_BLD01_F02_0293,BLD01_F02,BLD01_F02_ZB,
SEN_DSK_000294,DESK_OCCUPANCY,WORKSPACE,DESK_BLD01_F02_0294,BLD01_F02,BLD01_F02_ZB,
SEN_DSK_000295,DESK_OCCUPANCY,WORKSPACE,DESK_BLD01_F02_0295,BLD01_F02,BLD01_F02_ZB,
SEN_DSK_000296,DESK_OCCUPANCY,WORKSPACE,DESK_BLD01_F02_0296,BLD01_F02,BLD01_F02_ZB,
SEN_DSK_000297,DESK_OCCUPANCY,WORKSPACE,DESK_BLD01_F02_0297,BLD01_F02,BLD01_F02_ZB,
SEN_DSK_000298,DESK_OCCUPANCY,WORKSPACE,DESK_BLD01_F02_0298,BLD01_F02,BLD01_F02_ZB,
SEN_DSK_000299,DESK_OCCUPANCY,WORKSPACE,DESK_BLD01_F02_0299,BLD01_F02,BLD01_F02_ZB,
SEN_DSK_000300,DESK_OCCUPANCY,WORKSPACE,DESK_BLD01_F02_0300,BLD01_F02,BLD01_F02_ZB,
SEN_DSK_000301,DESK_OCCUPANCY,WORKSPACE,DESK_BLD01_F02_0301,BLD01_F02,BLD01_F02_ZC,
SEN_DSK_000302,DESK_OCCUPANCY,WORKSPACE,DESK_BLD01_F02_0302,BLD01_F02,BLD01_F02_ZC,
SEN_DSK_000303,DESK_OCCUPANCY,WORKSPACE,DESK_BLD01_F02_0303,BLD01_F02,BLD01_F02_ZC,
SEN_DSK_000304,DESK_OCCUPANCY,WORKSPACE,DESK_BLD01_F02_0304,BLD01_F02,BLD01_F02_ZC,
SEN_DSK_000305,DESK_OCCUPANCY,WORKSPACE,DESK_BLD01_F02_0305,BLD01_F02,BLD01_F02_ZC,
SEN_DSK_000306,DESK_OCCUPANCY,WORKSPACE,DESK_BLD01_F02_0306,BLD01_F02,BLD01_F02_ZC,
SEN_DSK_000307,DESK_OCCUPANCY,WORKSPACE,DESK_BLD01_F02_0307,BLD01_F02,BLD01_F02_ZC,
SEN_DSK_000308,DESK_OCCUPANCY,WORKSPACE,DESK_BLD01_F02_0308,BLD01_F02,BLD01_F02_ZC,
SEN_DSK_000309,DESK_OCCUPANCY,WORKSPACE,DESK_BLD01_F02_0309,BLD01_F02,BLD01_F02_ZC,
SEN_DSK_000310,DESK_OCCUPANCY,WORKSPACE,DESK_BLD01_F02_0310,BLD01_F02,BLD01_F02_ZC,
SEN_DSK_000311,DESK_OCCUPANCY,WORKSPACE,DESK_BLD01_F02_0311,BLD01_F02,BLD01_F02_ZC,
SEN_DSK_000312,DESK_OCCUPANCY,WORKSPACE,DESK_BLD01_F02_0312,BLD01_F02,BLD01_F02_ZC,
SEN_DSK_000313,DESK_OCCUPANCY,WORKSPACE,DESK_BLD01_F02_0313,BLD01_F02,BLD01_F02_ZC,
SEN_DSK_000314,DESK_OCCUPANCY,WORKSPACE,DESK_BLD01_F02_0314,BLD01_F02,BLD01_F02_ZC,
SEN_DSK_000315,DESK_OCCUPANCY,WORKSPACE,DESK_BLD01_F02_0315,BLD01_F02,BLD01_F02_ZC,
SEN_DSK_000316,DESK_OCCUPANCY,WORKSPACE,DESK_BLD01_F02_0316,BLD01_F02,BLD01_F02_ZC,
SEN_DSK_000317,DESK_OCCUPANCY,WORKSPACE,DESK_BLD01_F02_0317,BLD01_F02,BLD01_F02_ZC,
SEN_DSK_000318,DESK_OCCUPANCY,WORKSPACE,DESK_BLD01_F02_0318,BLD01_F02,BLD01_F02_ZC,
SEN_DSK_000319,DESK_OCCUPANCY,WORKSPACE,DESK_BLD01_F02_0319,BLD01_F02,BLD01_F02_ZC,
SEN_DSK_000320,DESK_OCCUPANCY,WORKSPACE,DESK_BLD01_F02_0320,BLD01_F02,BLD01_F02_ZC,
SEN_DSK_000321,DESK_OCCUPANCY,WORKSPACE,DESK_BLD01_F02_0321,BLD01_F02,BLD01_F02_ZC,
SEN_DSK_000322,DESK_OCCUPANCY,WORKSPACE,DESK_BLD01_F02_0322,BLD01_F02,BLD01_F02_ZC,
SEN_DSK_000323,DESK_OCCUPANCY,WORKSPACE,DESK_BLD01_F02_0323,BLD01_F02,BLD01_F02_ZC,
SEN_DSK_000324,DESK_OCCUPANCY,WORKSPACE,DESK_BLD01_F02_0324,BLD01_F02,BLD01_F02_ZC,
SEN_DSK_000325,DESK_OCCUPANCY,WORKSPACE,DESK_BLD01_F02_0325,BLD01_F02,BLD01_F02_ZC,
SEN_DSK_000326,DESK_OCCUPANCY,WORKSPACE,DESK_BLD01_F02_0326,BLD01_F02,BLD01_F02_ZC,
SEN_DSK_000327,DESK_OCCUPANCY,WORKSPACE,DESK_BLD01_F02_0327,BLD01_F02,BLD01_F02_ZC,
SEN_DSK_000328,DESK_OCCUPANCY,WORKSPACE,DESK_BLD01_F02_0328,BLD01_F02,BLD01_F02_ZC,
SEN_DSK_000329,DESK_OCCUPANCY,WORKSPACE,DESK_BLD01_F02_0329,BLD01_F02,BLD01_F02_ZC,
SEN_DSK_000330,DESK_OCCUPANCY,WORKSPACE,DESK_BLD01_F02_0330,BLD01_F02,BLD01_F02_ZC,
SEN_DSK_000331,DESK_OCCUPANCY,WORKSPACE,DESK_BLD01_F02_0331,BLD01_F02,BLD01_F02_ZC,
SEN_DSK_000332,DESK_OCCUPANCY,WORKSPACE,DESK_BLD01_F02_0332,BLD01_F02,BLD01_F02_ZC,
SEN_DSK_000333,DESK_OCCUPANCY,WORKSPACE,DESK_BLD01_F02_0333,BLD01_F02,BLD01_F02_ZC,
SEN_DSK_000334,DESK_OCCUPANCY,WORKSPACE,DESK_BLD01_F02_0334,BLD01_F02,BLD01_F02_ZC,
SEN_DSK_000335,DESK_OCCUPANCY,WORKSPACE,DESK_BLD01_F02_0335,BLD01_F02,BLD01_F02_ZC,
SEN_DSK_000336,DESK_OCCUPANCY,WORKSPACE,DESK_BLD01_F02_0336,BLD01_F02,BLD01_F02_ZC,
SEN_DSK_000337,DESK_OCCUPANCY,WORKSPACE,DESK_BLD01_F02_0337,BLD01_F02,BLD01_F02_ZC,
SEN_DSK_000338,DESK_OCCUPANCY,WORKSPACE,DESK_BLD01_F02_0338,BLD01_F02,BLD01_F02_ZC,
SEN_DSK_000339,DESK_OCCUPANCY,WORKSPACE,DESK_BLD01_F02_0339,BLD01_F02,BLD01_F02_ZC,
SEN_DSK_000340,DESK_OCCUPANCY,WORKSPACE,DESK_BLD01_F02_0340,BLD01_F02,BLD01_F02_ZC,
SEN_DSK_000341,DESK_OCCUPANCY,WORKSPACE,DESK_BLD01_F02_0341,BLD01_F02,BLD01_F02_ZC,
SEN_DSK_000342,DESK_OCCUPANCY,WORKSPACE,DESK_BLD01_F02_0342,BLD01_F02,BLD01_F02_ZC,
SEN_DSK_000343,DESK_OCCUPANCY,WORKSPACE,DESK_BLD01_F02_0343,BLD01_F02,BLD01_F02_ZC,
SEN_DSK_000344,DESK_OCCUPANCY,WORKSPACE,DESK_BLD01_F02_0344,BLD01_F02,BLD01_F02_ZC,
SEN_DSK_000345,DESK_OCCUPANCY,WORKSPACE,DESK_BLD01_F02_0345,BLD01_F02,BLD01_F02_ZC,
SEN_DSK_000346,DESK_OCCUPANCY,WORKSPACE,DESK_BLD01_F02_0346,BLD01_F02,BLD01_F02_ZC,
SEN_DSK_000347,DESK_OCCUPANCY,WORKSPACE,DESK_BLD01_F02_0347,BLD01_F02,BLD01_F02_ZC,
SEN_DSK_000348,DESK_OCCUPANCY,WORKSPACE,DESK_BLD01_F02_0348,BLD01_F02,BLD01_F02_ZC,
SEN_DSK_000349,DESK_OCCUPANCY,WORKSPACE,DESK_BLD01_F02_0349,BLD01_F02,BLD01_F02_ZC,
SEN_DSK_000350,DESK_OCCUPANCY,WORKSPACE,DESK_BLD01_F02_0350,BLD01_F02,BLD01_F02_ZC,
SEN_DSK_000351,DESK_OCCUPANCY,WORKSPACE,DESK_BLD01_F02_0351,BLD01_F02,BLD01_F02_ZD,
SEN_DSK_000352,DESK_OCCUPANCY,WORKSPACE,DESK_BLD01_F02_0352,BLD01_F02,BLD01_F02_ZD,
SEN_DSK_000353,DESK_OCCUPANCY,WORKSPACE,DESK_BLD01_F02_0353,BLD01_F02,BLD01_F02_ZD,
SEN_DSK_000354,DESK_OCCUPANCY,WORKSPACE,DESK_BLD01_F02_0354,BLD01_F02,BLD01_F02_ZD,
SEN_DSK_000355,DESK_OCCUPANCY,WORKSPACE,DESK_BLD01_F02_0355,BLD01_F02,BLD01_F02_ZD,
SEN_DSK_000356,DESK_OCCUPANCY,WORKSPACE,DESK_BLD01_F02_0356,BLD01_F02,BLD01_F02_ZD,
SEN_DSK_000357,DESK_OCCUPANCY,WORKSPACE,DESK_BLD01_F02_0357,BLD01_F02,BLD01_F02_ZD,
SEN_DSK_000358,DESK_OCCUPANCY,WORKSPACE,DESK_BLD01_F02_0358,BLD01_F02,BLD01_F02_ZD,
SEN_DSK_000359,DESK_OCCUPANCY,WORKSPACE,DESK_BLD01_F02_0359,BLD01_F02,BLD01_F02_ZD,
SEN_DSK_000360,DESK_OCCUPANCY,WORKSPACE,DESK_BLD01_F02_0360,BLD01_F02,BLD01_F02_ZD,
SEN_DSK_000361,DESK_OCCUPANCY,WORKSPACE,DESK_BLD01_F02_0361,BLD01_F02,BLD01_F02_ZD,
SEN_DSK_000362,DESK_OCCUPANCY,WORKSPACE,DESK_BLD01_F02_0362,BLD01_F02,BLD01_F02_ZD,
SEN_DSK_000363,DESK_OCCUPANCY,WORKSPACE,DESK_BLD01_F02_0363,BLD01_F02,BLD01_F02_ZD,
SEN_DSK_000364,DESK_OCCUPANCY,WORKSPACE,DESK_BLD01_F02_0364,BLD01_F02,BLD01_F02_ZD,
SEN_DSK_000365,DESK_OCCUPANCY,WORKSPACE,DESK_BLD01_F02_0365,BLD01_F02,BLD01_F02_ZD,
SEN_DSK_000366,DESK_OCCUPANCY,WORKSPACE,DESK_BLD01_F02_0366,BLD01_F02,BLD01_F02_ZD,
SEN_DSK_000367,DESK_OCCUPANCY,WORKSPACE,DESK_BLD01_F02_0367,BLD01_F02,BLD01_F02_ZD,
SEN_DSK_000368,DESK_OCCUPANCY,WORKSPACE,DESK_BLD01_F02_0368,BLD01_F02,BLD01_F02_ZD,
SEN_DSK_000369,DESK_OCCUPANCY,WORKSPACE,DESK_BLD01_F02_0369,BLD01_F02,BLD01_F02_ZD,
SEN_DSK_000370,DESK_OCCUPANCY,WORKSPACE,DESK_BLD01_F02_0370,BLD01_F02,BLD01_F02_ZD,
SEN_DSK_000371,DESK_OCCUPANCY,WORKSPACE,DESK_BLD01_F02_0371,BLD01_F02,BLD01_F02_ZD,
SEN_DSK_000372,DESK_OCCUPANCY,WORKSPACE,DESK_BLD01_F02_0372,BLD01_F02,BLD01_F02_ZD,
SEN_DSK_000373,DESK_OCCUPANCY,WORKSPACE,DESK_BLD01_F02_0373,BLD01_F02,BLD01_F02_ZD,
SEN_DSK_000374,DESK_OCCUPANCY,WORKSPACE,DESK_BLD01_F02_0374,BLD01_F02,BLD01_F02_ZD,
SEN_DSK_000375,DESK_OCCUPANCY,WORKSPACE,DESK_BLD01_F02_0375,BLD01_F02,BLD01_F02_ZD,
SEN_DSK_000376,DESK_OCCUPANCY,WORKSPACE,DESK_BLD01_F02_0376,BLD01_F02,BLD01_F02_ZD,
SEN_DSK_000377,DESK_OCCUPANCY,WORKSPACE,DESK_BLD01_F02_0377,BLD01_F02,BLD01_F02_ZD,
SEN_DSK_000378,DESK_OCCUPANCY,WORKSPACE,DESK_BLD01_F02_0378,BLD01_F02,BLD01_F02_ZD,
SEN_DSK_000379,DESK_OCCUPANCY,WORKSPACE,DESK_BLD01_F02_0379,BLD01_F02,BLD01_F02_ZD,
SEN_DSK_000380,DESK_OCCUPANCY,WORKSPACE,DESK_BLD01_F02_0380,BLD01_F02,BLD01_F02_ZD,
SEN_DSK_000381,DESK_OCCUPANCY,WORKSPACE,DESK_BLD01_F02_0381,BLD01_F02,BLD01_F02_ZD,
SEN_DSK_000382,DESK_OCCUPANCY,WORKSPACE,DESK_BLD01_F02_0382,BLD01_F02,BLD01_F02_ZD,
SEN_DSK_000383,DESK_OCCUPANCY,WORKSPACE,DESK_BLD01_F02_0383,BLD01_F02,BLD01_F02_ZD,
SEN_DSK_000384,DESK_OCCUPANCY,WORKSPACE,DESK_BLD01_F02_0384,BLD01_F02,BLD01_F02_ZD,
SEN_DSK_000385,DESK_OCCUPANCY,WORKSPACE,DESK_BLD01_F02_0385,BLD01_F02,BLD01_F02_ZD,
SEN_DSK_000386,DESK_OCCUPANCY,WORKSPACE,DESK_BLD01_F02_0386,BLD01_F02,BLD01_F02_ZD,
SEN_DSK_000387,DESK_OCCUPANCY,WORKSPACE,DESK_BLD01_F02_0387,BLD01_F02,BLD01_F02_ZD,
SEN_DSK_000388,DESK_OCCUPANCY,WORKSPACE,DESK_BLD01_F02_0388,BLD01_F02,BLD01_F02_ZD,
SEN_DSK_000389,DESK_OCCUPANCY,WORKSPACE,DESK_BLD01_F02_0389,BLD01_F02,BLD01_F02_ZD,
SEN_DSK_000390,DESK_OCCUPANCY,WORKSPACE,DESK_BLD01_F02_0390,BLD01_F02,BLD01_F02_ZD,
SEN_DSK_000391,DESK_OCCUPANCY,WORKSPACE,DESK_BLD01_F02_0391,BLD01_F02,BLD01_F02_ZD,
SEN_DSK_000392,DESK_OCCUPANCY,WORKSPACE,DESK_BLD01_F02_0392,BLD01_F02,BLD01_F02_ZD,
SEN_DSK_000393,DESK_OCCUPANCY,WORKSPACE,DESK_BLD01_F02_0393,BLD01_F02,BLD01_F02_ZD,
SEN_DSK_000394,DESK_OCCUPANCY,WORKSPACE,DESK_BLD01_F02_0394,BLD01_F02,BLD01_F02_ZD,
SEN_DSK_000395,DESK_OCCUPANCY,WORKSPACE,DESK_BLD01_F02_0395,BLD01_F02,BLD01_F02_ZD,
SEN_DSK_000396,DESK_OCCUPANCY,WORKSPACE,DESK_BLD01_F02_0396,BLD01_F02,BLD01_F02_ZD,
SEN_DSK_000397,DESK_OCCUPANCY,WORKSPACE,DESK_BLD01_F02_0397,BLD01_F02,BLD01_F02_ZD,
SEN_DSK_000398,DESK_OCCUPANCY,WORKSPACE,DESK_BLD01_F02_0398,BLD01_F02,BLD01_F02_ZD,
SEN_DSK_000399,DESK_OCCUPANCY,WORKSPACE,DESK_BLD01_F02_0399,BLD01_F02,BLD01_F02_ZD,
SEN_DSK_000400,DESK_OCCUPANCY,WORKSPACE,DESK_BLD01_F02_0400,BLD01_F02,BLD01_F02_ZD,
SEN_RM_000012,ROOM_COUNT,ROOM,ROOM_BLD01_F02_012,BLD01_F02,BLD01_F02_ZMTG,
SEN_RM_000013,ROOM_COUNT,ROOM,ROOM_BLD01_F02_013,BLD01_F02,BLD01_F02_ZMTG,
SEN_RM_000014,ROOM_COUNT,ROOM,ROOM_BLD01_F02_014,BLD01_F02,BLD01_F02_ZMTG,
SEN_RM_000015,ROOM_COUNT,ROOM,ROOM_BLD01_F02_015,BLD01_F02,BLD01_F02_ZMTG,
SEN_RM_000016,ROOM_COUNT,ROOM,ROOM_BLD01_F02_016,BLD01_F02,BLD01_F02_ZMTG,
SEN_RM_000017,ROOM_COUNT,ROOM,ROOM_BLD01_F02_017,BLD01_F02,BLD01_F02_ZMTG,
SEN_RM_000018,ROOM_COUNT,ROOM,ROOM_BLD01_F02_018,BLD01_F02,BLD01_F02_ZMTG,
SEN_RM_000019,ROOM_COUNT,ROOM,ROOM_BLD01_F02_019,BLD01_F02,BLD01_F02_ZMTG,
SEN_RM_000020,ROOM_COUNT,ROOM,ROOM_BLD01_F02_020,BLD01_F02,BLD01_F02_ZMTG,
SEN_RM_000021,ROOM_COUNT,ROOM,ROOM_BLD01_F02_021,BLD01_F02,BLD01_F02_ZMTG,
SEN_RM_000022,ROOM_COUNT,ROOM,ROOM_BLD01_F02_022,BLD01_F02,BLD01_F02_ZMTG,
SEN_RM_000023,ROOM_COUNT,ROOM,AREA_BLD01_F02_COL,BLD01_F02,BLD01_F02_ZCOM,
SEN_RM_000024,ROOM_COUNT,ROOM,AREA_BLD01_F02_LOU,BLD01_F02,BLD01_F02_ZCOM,
SEN_ENV_000008,ENVIRONMENT,ZONE,BLD01_F02_ZLOB,BLD01_F02,BLD01_F02_ZLOB,"[""TEMPERATURE"", ""HUMIDITY"", ""CO2"", ""LIGHT"", ""NOISE""]"
SEN_ENV_000009,ENVIRONMENT,ZONE,BLD01_F02_ZA,BLD01_F02,BLD01_F02_ZA,"[""TEMPERATURE"", ""HUMIDITY"", ""CO2"", ""LIGHT"", ""NOISE""]"
SEN_ENV_000010,ENVIRONMENT,ZONE,BLD01_F02_ZB,BLD01_F02,BLD01_F02_ZB,"[""TEMPERATURE"", ""HUMIDITY"", ""CO2"", ""LIGHT"", ""NOISE""]"
SEN_ENV_000011,ENVIRONMENT,ZONE,BLD01_F02_ZC,BLD01_F02,BLD01_F02_ZC,"[""TEMPERATURE"", ""HUMIDITY"", ""CO2"", ""LIGHT"", ""NOISE""]"
SEN_ENV_000012,ENVIRONMENT,ZONE,BLD01_F02_ZD,BLD01_F02,BLD01_F02_ZD,"[""TEMPERATURE"", ""HUMIDITY"", ""CO2"", ""LIGHT"", ""NOISE""]"
SEN_ENV_000013,ENVIRONMENT,ZONE,BLD01_F02_ZMTG,BLD01_F02,BLD01_F02_ZMTG,"[""TEMPERATURE"", ""HUMIDITY"", ""CO2"", ""LIGHT"", ""NOISE""]"
SEN_ENV_000014,ENVIRONMENT,ZONE,BLD01_F02_ZCOM,BLD01_F02,BLD01_F02_ZCOM,"[""TEMPERATURE"", ""HUMIDITY"", ""CO2"", ""LIGHT"", ""NOISE""]"
SEN_DSK_000401,DESK_OCCUPANCY,WORKSPACE,DESK_BLD01_F03_0401,BLD01_F03,BLD01_F03_ZA,
SEN_DSK_000402,DESK_OCCUPANCY,WORKSPACE,DESK_BLD01_F03_0402,BLD01_F03,BLD01_F03_ZA,
SEN_DSK_000403,DESK_OCCUPANCY,WORKSPACE,DESK_BLD01_F03_0403,BLD01_F03,BLD01_F03_ZA,
SEN_DSK_000404,DESK_OCCUPANCY,WORKSPACE,DESK_BLD01_F03_0404,BLD01_F03,BLD01_F03_ZA,
SEN_DSK_000405,DESK_OCCUPANCY,WORKSPACE,DESK_BLD01_F03_0405,BLD01_F03,BLD01_F03_ZA,
SEN_DSK_000406,DESK_OCCUPANCY,WORKSPACE,DESK_BLD01_F03_0406,BLD01_F03,BLD01_F03_ZA,
SEN_DSK_000407,DESK_OCCUPANCY,WORKSPACE,DESK_BLD01_F03_0407,BLD01_F03,BLD01_F03_ZA,
SEN_DSK_000408,DESK_OCCUPANCY,WORKSPACE,DESK_BLD01_F03_0408,BLD01_F03,BLD01_F03_ZA,
SEN_DSK_000409,DESK_OCCUPANCY,WORKSPACE,DESK_BLD01_F03_0409,BLD01_F03,BLD01_F03_ZA,
SEN_DSK_000410,DESK_OCCUPANCY,WORKSPACE,DESK_BLD01_F03_0410,BLD01_F03,BLD01_F03_ZA,
SEN_DSK_000411,DESK_OCCUPANCY,WORKSPACE,DESK_BLD01_F03_0411,BLD01_F03,BLD01_F03_ZA,
SEN_DSK_000412,DESK_OCCUPANCY,WORKSPACE,DESK_BLD01_F03_0412,BLD01_F03,BLD01_F03_ZA,
SEN_DSK_000413,DESK_OCCUPANCY,WORKSPACE,DESK_BLD01_F03_0413,BLD01_F03,BLD01_F03_ZA,
SEN_DSK_000414,DESK_OCCUPANCY,WORKSPACE,DESK_BLD01_F03_0414,BLD01_F03,BLD01_F03_ZA,
SEN_DSK_000415,DESK_OCCUPANCY,WORKSPACE,DESK_BLD01_F03_0415,BLD01_F03,BLD01_F03_ZA,
SEN_DSK_000416,DESK_OCCUPANCY,WORKSPACE,DESK_BLD01_F03_0416,BLD01_F03,BLD01_F03_ZA,
SEN_DSK_000417,DESK_OCCUPANCY,WORKSPACE,DESK_BLD01_F03_0417,BLD01_F03,BLD01_F03_ZA,
SEN_DSK_000418,DESK_OCCUPANCY,WORKSPACE,DESK_BLD01_F03_0418,BLD01_F03,BLD01_F03_ZA,
SEN_DSK_000419,DESK_OCCUPANCY,WORKSPACE,DESK_BLD01_F03_0419,BLD01_F03,BLD01_F03_ZA,
SEN_DSK_000420,DESK_OCCUPANCY,WORKSPACE,DESK_BLD01_F03_0420,BLD01_F03,BLD01_F03_ZA,
SEN_DSK_000421,DESK_OCCUPANCY,WORKSPACE,DESK_BLD01_F03_0421,BLD01_F03,BLD01_F03_ZA,
SEN_DSK_000422,DESK_OCCUPANCY,WORKSPACE,DESK_BLD01_F03_0422,BLD01_F03,BLD01_F03_ZA,
SEN_DSK_000423,DESK_OCCUPANCY,WORKSPACE,DESK_BLD01_F03_0423,BLD01_F03,BLD01_F03_ZA,
SEN_DSK_000424,DESK_OCCUPANCY,WORKSPACE,DESK_BLD01_F03_0424,BLD01_F03,BLD01_F03_ZA,
SEN_DSK_000425,DESK_OCCUPANCY,WORKSPACE,DESK_BLD01_F03_0425,BLD01_F03,BLD01_F03_ZA,
SEN_DSK_000426,DESK_OCCUPANCY,WORKSPACE,DESK_BLD01_F03_0426,BLD01_F03,BLD01_F03_ZA,
SEN_DSK_000427,DESK_OCCUPANCY,WORKSPACE,DESK_BLD01_F03_0427,BLD01_F03,BLD01_F03_ZA,
SEN_DSK_000428,DESK_OCCUPANCY,WORKSPACE,DESK_BLD01_F03_0428,BLD01_F03,BLD01_F03_ZA,
SEN_DSK_000429,DESK_OCCUPANCY,WORKSPACE,DESK_BLD01_F03_0429,BLD01_F03,BLD01_F03_ZA,
SEN_DSK_000430,DESK_OCCUPANCY,WORKSPACE,DESK_BLD01_F03_0430,BLD01_F03,BLD01_F03_ZA,
SEN_DSK_000431,DESK_OCCUPANCY,WORKSPACE,DESK_BLD01_F03_0431,BLD01_F03,BLD01_F03_ZA,
SEN_DSK_000432,DESK_OCCUPANCY,WORKSPACE,DESK_BLD01_F03_0432,BLD01_F03,BLD01_F03_ZA,
SEN_DSK_000433,DESK_OCCUPANCY,WORKSPACE,DESK_BLD01_F03_0433,BLD01_F03,BLD01_F03_ZA,
SEN_DSK_000434,DESK_OCCUPANCY,WORKSPACE,DESK_BLD01_F03_0434,BLD01_F03,BLD01_F03_ZA,
SEN_DSK_000435,DESK_OCCUPANCY,WORKSPACE,DESK_BLD01_F03_0435,BLD01_F03,BLD01_F03_ZA,
SEN_DSK_000436,DESK_OCCUPANCY,WORKSPACE,DESK_BLD01_F03_0436,BLD01_F03,BLD01_F03_ZA,
SEN_DSK_000437,DESK_OCCUPANCY,WORKSPACE,DESK_BLD01_F03_0437,BLD01_F03,BLD01_F03_ZA,
SEN_DSK_000438,DESK_OCCUPANCY,WORKSPACE,DESK_BLD01_F03_0438,BLD01_F03,BLD01_F03_ZA,
SEN_DSK_000439,DESK_OCCUPANCY,WORKSPACE,DESK_BLD01_F03_0439,BLD01_F03,BLD01_F03_ZA,
SEN_DSK_000440,DESK_OCCUPANCY,WORKSPACE,DESK_BLD01_F03_0440,BLD01_F03,BLD01_F03_ZA,
SEN_DSK_000441,DESK_OCCUPANCY,WORKSPACE,DESK_BLD01_F03_0441,BLD01_F03,BLD01_F03_ZA,
SEN_DSK_000442,DESK_OCCUPANCY,WORKSPACE,DESK_BLD01_F03_0442,BLD01_F03,BLD01_F03_ZA,
SEN_DSK_000443,DESK_OCCUPANCY,WORKSPACE,DESK_BLD01_F03_0443,BLD01_F03,BLD01_F03_ZA,
SEN_DSK_000444,DESK_OCCUPANCY,WORKSPACE,DESK_BLD01_F03_0444,BLD01_F03,BLD01_F03_ZA,
SEN_DSK_000445,DESK_OCCUPANCY,WORKSPACE,DESK_BLD01_F03_0445,BLD01_F03,BLD01_F03_ZA,
SEN_DSK_000446,DESK_OCCUPANCY,WORKSPACE,DESK_BLD01_F03_0446,BLD01_F03,BLD01_F03_ZA,
SEN_DSK_000447,DESK_OCCUPANCY,WORKSPACE,DESK_BLD01_F03_0447,BLD01_F03,BLD01_F03_ZA,
SEN_DSK_000448,DESK_OCCUPANCY,WORKSPACE,DESK_BLD01_F03_0448,BLD01_F03,BLD01_F03_ZA,
SEN_DSK_000449,DESK_OCCUPANCY,WORKSPACE,DESK_BLD01_F03_0449,BLD01_F03,BLD01_F03_ZA,
SEN_DSK_000450,DESK_OCCUPANCY,WORKSPACE,DESK_BLD01_F03_0450,BLD01_F03,BLD01_F03_ZA,
SEN_DSK_000451,DESK_OCCUPANCY,WORKSPACE,DESK_BLD01_F03_0451,BLD01_F03,BLD01_F03_ZB,
SEN_DSK_000452,DESK_OCCUPANCY,WORKSPACE,DESK_BLD01_F03_0452,BLD01_F03,BLD01_F03_ZB,
SEN_DSK_000453,DESK_OCCUPANCY,WORKSPACE,DESK_BLD01_F03_0453,BLD01_F03,BLD01_F03_ZB,
SEN_DSK_000454,DESK_OCCUPANCY,WORKSPACE,DESK_BLD01_F03_0454,BLD01_F03,BLD01_F03_ZB,
SEN_DSK_000455,DESK_OCCUPANCY,WORKSPACE,DESK_BLD01_F03_0455,BLD01_F03,BLD01_F03_ZB,
SEN_DSK_000456,DESK_OCCUPANCY,WORKSPACE,DESK_BLD01_F03_0456,BLD01_F03,BLD01_F03_ZB,
SEN_DSK_000457,DESK_OCCUPANCY,WORKSPACE,DESK_BLD01_F03_0457,BLD01_F03,BLD01_F03_ZB,
SEN_DSK_000458,DESK_OCCUPANCY,WORKSPACE,DESK_BLD01_F03_0458,BLD01_F03,BLD01_F03_ZB,
SEN_DSK_000459,DESK_OCCUPANCY,WORKSPACE,DESK_BLD01_F03_0459,BLD01_F03,BLD01_F03_ZB,
SEN_DSK_000460,DESK_OCCUPANCY,WORKSPACE,DESK_BLD01_F03_0460,BLD01_F03,BLD01_F03_ZB,
SEN_DSK_000461,DESK_OCCUPANCY,WORKSPACE,DESK_BLD01_F03_0461,BLD01_F03,BLD01_F03_ZB,
SEN_DSK_000462,DESK_OCCUPANCY,WORKSPACE,DESK_BLD01_F03_0462,BLD01_F03,BLD01_F03_ZB,
SEN_DSK_000463,DESK_OCCUPANCY,WORKSPACE,DESK_BLD01_F03_0463,BLD01_F03,BLD01_F03_ZB,
SEN_DSK_000464,DESK_OCCUPANCY,WORKSPACE,DESK_BLD01_F03_0464,BLD01_F03,BLD01_F03_ZB,
SEN_DSK_000465,DESK_OCCUPANCY,WORKSPACE,DESK_BLD01_F03_0465,BLD01_F03,BLD01_F03_ZB,
SEN_DSK_000466,DESK_OCCUPANCY,WORKSPACE,DESK_BLD01_F03_0466,BLD01_F03,BLD01_F03_ZB,
SEN_DSK_000467,DESK_OCCUPANCY,WORKSPACE,DESK_BLD01_F03_0467,BLD01_F03,BLD01_F03_ZB,
SEN_DSK_000468,DESK_OCCUPANCY,WORKSPACE,DESK_BLD01_F03_0468,BLD01_F03,BLD01_F03_ZB,
SEN_DSK_000469,DESK_OCCUPANCY,WORKSPACE,DESK_BLD01_F03_0469,BLD01_F03,BLD01_F03_ZB,
SEN_DSK_000470,DESK_OCCUPANCY,WORKSPACE,DESK_BLD01_F03_0470,BLD01_F03,BLD01_F03_ZB,
SEN_DSK_000471,DESK_OCCUPANCY,WORKSPACE,DESK_BLD01_F03_0471,BLD01_F03,BLD01_F03_ZB,
SEN_DSK_000472,DESK_OCCUPANCY,WORKSPACE,DESK_BLD01_F03_0472,BLD01_F03,BLD01_F03_ZB,
SEN_DSK_000473,DESK_OCCUPANCY,WORKSPACE,DESK_BLD01_F03_0473,BLD01_F03,BLD01_F03_ZB,
SEN_DSK_000474,DESK_OCCUPANCY,WORKSPACE,DESK_BLD01_F03_0474,BLD01_F03,BLD01_F03_ZB,
SEN_DSK_000475,DESK_OCCUPANCY,WORKSPACE,DESK_BLD01_F03_0475,BLD01_F03,BLD01_F03_ZB,
SEN_DSK_000476,DESK_OCCUPANCY,WORKSPACE,DESK_BLD01_F03_0476,BLD01_F03,BLD01_F03_ZB,
SEN_DSK_000477,DESK_OCCUPANCY,WORKSPACE,DESK_BLD01_F03_0477,BLD01_F03,BLD01_F03_ZB,
SEN_DSK_000478,DESK_OCCUPANCY,WORKSPACE,DESK_BLD01_F03_0478,BLD01_F03,BLD01_F03_ZB,
SEN_DSK_000479,DESK_OCCUPANCY,WORKSPACE,DESK_BLD01_F03_0479,BLD01_F03,BLD01_F03_ZB,
SEN_DSK_000480,DESK_OCCUPANCY,WORKSPACE,DESK_BLD01_F03_0480,BLD01_F03,BLD01_F03_ZB,
SEN_DSK_000481,DESK_OCCUPANCY,WORKSPACE,DESK_BLD01_F03_0481,BLD01_F03,BLD01_F03_ZB,
SEN_DSK_000482,DESK_OCCUPANCY,WORKSPACE,DESK_BLD01_F03_0482,BLD01_F03,BLD01_F03_ZB,
SEN_DSK_000483,DESK_OCCUPANCY,WORKSPACE,DESK_BLD01_F03_0483,BLD01_F03,BLD01_F03_ZB,
SEN_DSK_000484,DESK_OCCUPANCY,WORKSPACE,DESK_BLD01_F03_0484,BLD01_F03,BLD01_F03_ZB,
SEN_DSK_000485,DESK_OCCUPANCY,WORKSPACE,DESK_BLD01_F03_0485,BLD01_F03,BLD01_F03_ZB,
SEN_DSK_000486,DESK_OCCUPANCY,WORKSPACE,DESK_BLD01_F03_0486,BLD01_F03,BLD01_F03_ZB,
SEN_DSK_000487,DESK_OCCUPANCY,WORKSPACE,DESK_BLD01_F03_0487,BLD01_F03,BLD01_F03_ZB,
SEN_DSK_000488,DESK_OCCUPANCY,WORKSPACE,DESK_BLD01_F03_0488,BLD01_F03,BLD01_F03_ZB,
SEN_DSK_000489,DESK_OCCUPANCY,WORKSPACE,DESK_BLD01_F03_0489,BLD01_F03,BLD01_F03_ZB,
SEN_DSK_000490,DESK_OCCUPANCY,WORKSPACE,DESK_BLD01_F03_0490,BLD01_F03,BLD01_F03_ZB,
SEN_DSK_000491,DESK_OCCUPANCY,WORKSPACE,DESK_BLD01_F03_0491,BLD01_F03,BLD01_F03_ZB,
SEN_DSK_000492,DESK_OCCUPANCY,WORKSPACE,DESK_BLD01_F03_0492,BLD01_F03,BLD01_F03_ZB,
SEN_DSK_000493,DESK_OCCUPANCY,WORKSPACE,DESK_BLD01_F03_0493,BLD01_F03,BLD01_F03_ZB,
SEN_DSK_000494,DESK_OCCUPANCY,WORKSPACE,DESK_BLD01_F03_0494,BLD01_F03,BLD01_F03_ZB,
SEN_DSK_000495,DESK_OCCUPANCY,WORKSPACE,DESK_BLD01_F03_0495,BLD01_F03,BLD01_F03_ZB,
SEN_DSK_000496,DESK_OCCUPANCY,WORKSPACE,DESK_BLD01_F03_0496,BLD01_F03,BLD01_F03_ZB,
SEN_DSK_000497,DESK_OCCUPANCY,WORKSPACE,DESK_BLD01_F03_0497,BLD01_F03,BLD01_F03_ZB,
SEN_DSK_000498,DESK_OCCUPANCY,WORKSPACE,DESK_BLD01_F03_0498,BLD01_F03,BLD01_F03_ZB,
SEN_DSK_000499,DESK_OCCUPANCY,WORKSPACE,DESK_BLD01_F03_0499,BLD01_F03,BLD01_F03_ZB,
SEN_DSK_000500,DESK_OCCUPANCY,WORKSPACE,DESK_BLD01_F03_0500,BLD01_F03,BLD01_F03_ZB,
SEN_DSK_000501,DESK_OCCUPANCY,WORKSPACE,DESK_BLD01_F03_0501,BLD01_F03,BLD01_F03_ZC,
SEN_DSK_000502,DESK_OCCUPANCY,WORKSPACE,DESK_BLD01_F03_0502,BLD01_F03,BLD01_F03_ZC,
SEN_DSK_000503,DESK_OCCUPANCY,WORKSPACE,DESK_BLD01_F03_0503,BLD01_F03,BLD01_F03_ZC,
SEN_DSK_000504,DESK_OCCUPANCY,WORKSPACE,DESK_BLD01_F03_0504,BLD01_F03,BLD01_F03_ZC,
SEN_DSK_000505,DESK_OCCUPANCY,WORKSPACE,DESK_BLD01_F03_0505,BLD01_F03,BLD01_F03_ZC,
SEN_DSK_000506,DESK_OCCUPANCY,WORKSPACE,DESK_BLD01_F03_0506,BLD01_F03,BLD01_F03_ZC,
SEN_DSK_000507,DESK_OCCUPANCY,WORKSPACE,DESK_BLD01_F03_0507,BLD01_F03,BLD01_F03_ZC,
SEN_DSK_000508,DESK_OCCUPANCY,WORKSPACE,DESK_BLD01_F03_0508,BLD01_F03,BLD01_F03_ZC,
SEN_DSK_000509,DESK_OCCUPANCY,WORKSPACE,DESK_BLD01_F03_0509,BLD01_F03,BLD01_F03_ZC,
SEN_DSK_000510,DESK_OCCUPANCY,WORKSPACE,DESK_BLD01_F03_0510,BLD01_F03,BLD01_F03_ZC,
SEN_DSK_000511,DESK_OCCUPANCY,WORKSPACE,DESK_BLD01_F03_0511,BLD01_F03,BLD01_F03_ZC,
SEN_DSK_000512,DESK_OCCUPANCY,WORKSPACE,DESK_BLD01_F03_0512,BLD01_F03,BLD01_F03_ZC,
SEN_DSK_000513,DESK_OCCUPANCY,WORKSPACE,DESK_BLD01_F03_0513,BLD01_F03,BLD01_F03_ZC,
SEN_DSK_000514,DESK_OCCUPANCY,WORKSPACE,DESK_BLD01_F03_0514,BLD01_F03,BLD01_F03_ZC,
SEN_DSK_000515,DESK_OCCUPANCY,WORKSPACE,DESK_BLD01_F03_0515,BLD01_F03,BLD01_F03_ZC,
SEN_DSK_000516,DESK_OCCUPANCY,WORKSPACE,DESK_BLD01_F03_0516,BLD01_F03,BLD01_F03_ZC,
SEN_DSK_000517,DESK_OCCUPANCY,WORKSPACE,DESK_BLD01_F03_0517,BLD01_F03,BLD01_F03_ZC,
SEN_DSK_000518,DESK_OCCUPANCY,WORKSPACE,DESK_BLD01_F03_0518,BLD01_F03,BLD01_F03_ZC,
SEN_DSK_000519,DESK_OCCUPANCY,WORKSPACE,DESK_BLD01_F03_0519,BLD01_F03,BLD01_F03_ZC,
SEN_DSK_000520,DESK_OCCUPANCY,WORKSPACE,DESK_BLD01_F03_0520,BLD01_F03,BLD01_F03_ZC,
SEN_DSK_000521,DESK_OCCUPANCY,WORKSPACE,DESK_BLD01_F03_0521,BLD01_F03,BLD01_F03_ZC,
SEN_DSK_000522,DESK_OCCUPANCY,WORKSPACE,DESK_BLD01_F03_0522,BLD01_F03,BLD01_F03_ZC,
SEN_DSK_000523,DESK_OCCUPANCY,WORKSPACE,DESK_BLD01_F03_0523,BLD01_F03,BLD01_F03_ZC,
SEN_DSK_000524,DESK_OCCUPANCY,WORKSPACE,DESK_BLD01_F03_0524,BLD01_F03,BLD01_F03_ZC,
SEN_DSK_000525,DESK_OCCUPANCY,WORKSPACE,DESK_BLD01_F03_0525,BLD01_F03,BLD01_F03_ZC,
SEN_DSK_000526,DESK_OCCUPANCY,WORKSPACE,DESK_BLD01_F03_0526,BLD01_F03,BLD01_F03_ZC,
SEN_DSK_000527,DESK_OCCUPANCY,WORKSPACE,DESK_BLD01_F03_0527,BLD01_F03,BLD01_F03_ZC,
SEN_DSK_000528,DESK_OCCUPANCY,WORKSPACE,DESK_BLD01_F03_0528,BLD01_F03,BLD01_F03_ZC,
SEN_DSK_000529,DESK_OCCUPANCY,WORKSPACE,DESK_BLD01_F03_0529,BLD01_F03,BLD01_F03_ZC,
SEN_DSK_000530,DESK_OCCUPANCY,WORKSPACE,DESK_BLD01_F03_0530,BLD01_F03,BLD01_F03_ZC,
SEN_DSK_000531,DESK_OCCUPANCY,WORKSPACE,DESK_BLD01_F03_0531,BLD01_F03,BLD01_F03_ZC,
SEN_DSK_000532,DESK_OCCUPANCY,WORKSPACE,DESK_BLD01_F03_0532,BLD01_F03,BLD01_F03_ZC,
SEN_DSK_000533,DESK_OCCUPANCY,WORKSPACE,DESK_BLD01_F03_0533,BLD01_F03,BLD01_F03_ZC,
SEN_DSK_000534,DESK_OCCUPANCY,WORKSPACE,DESK_BLD01_F03_0534,BLD01_F03,BLD01_F03_ZC,
SEN_DSK_000535,DESK_OCCUPANCY,WORKSPACE,DESK_BLD01_F03_0535,BLD01_F03,BLD01_F03_ZC,
SEN_DSK_000536,DESK_OCCUPANCY,WORKSPACE,DESK_BLD01_F03_0536,BLD01_F03,BLD01_F03_ZC,
SEN_DSK_000537,DESK_OCCUPANCY,WORKSPACE,DESK_BLD01_F03_0537,BLD01_F03,BLD01_F03_ZC,
SEN_DSK_000538,DESK_OCCUPANCY,WORKSPACE,DESK_BLD01_F03_0538,BLD01_F03,BLD01_F03_ZC,
SEN_DSK_000539,DESK_OCCUPANCY,WORKSPACE,DESK_BLD01_F03_0539,BLD01_F03,BLD01_F03_ZC,
SEN_DSK_000540,DESK_OCCUPANCY,WORKSPACE,DESK_BLD01_F03_0540,BLD01_F03,BLD01_F03_ZC,
SEN_DSK_000541,DESK_OCCUPANCY,WORKSPACE,DESK_BLD01_F03_0541,BLD01_F03,BLD01_F03_ZC,
SEN_DSK_000542,DESK_OCCUPANCY,WORKSPACE,DESK_BLD01_F03_0542,BLD01_F03,BLD01_F03_ZC,
SEN_DSK_000543,DESK_OCCUPANCY,WORKSPACE,DESK_BLD01_F03_0543,BLD01_F03,BLD01_F03_ZC,
SEN_DSK_000544,DESK_OCCUPANCY,WORKSPACE,DESK_BLD01_F03_0544,BLD01_F03,BLD01_F03_ZC,
SEN_DSK_000545,DESK_OCCUPANCY,WORKSPACE,DESK_BLD01_F03_0545,BLD01_F03,BLD01_F03_ZC,
SEN_DSK_000546,DESK_OCCUPANCY,WORKSPACE,DESK_BLD01_F03_0546,BLD01_F03,BLD01_F03_ZC,
SEN_DSK_000547,DESK_OCCUPANCY,WORKSPACE,DESK_BLD01_F03_0547,BLD01_F03,BLD01_F03_ZC,
SEN_DSK_000548,DESK_OCCUPANCY,WORKSPACE,DESK_BLD01_F03_0548,BLD01_F03,BLD01_F03_ZC,
SEN_DSK_000549,DESK_OCCUPANCY,WORKSPACE,DESK_BLD01_F03_0549,BLD01_F03,BLD01_F03_ZC,
SEN_DSK_000550,DESK_OCCUPANCY,WORKSPACE,DESK_BLD01_F03_0550,BLD01_F03,BLD01_F03_ZC,
SEN_DSK_000551,DESK_OCCUPANCY,WORKSPACE,DESK_BLD01_F03_0551,BLD01_F03,BLD01_F03_ZD,
SEN_DSK_000552,DESK_OCCUPANCY,WORKSPACE,DESK_BLD01_F03_0552,BLD01_F03,BLD01_F03_ZD,
SEN_DSK_000553,DESK_OCCUPANCY,WORKSPACE,DESK_BLD01_F03_0553,BLD01_F03,BLD01_F03_ZD,
SEN_DSK_000554,DESK_OCCUPANCY,WORKSPACE,DESK_BLD01_F03_0554,BLD01_F03,BLD01_F03_ZD,
SEN_DSK_000555,DESK_OCCUPANCY,WORKSPACE,DESK_BLD01_F03_0555,BLD01_F03,BLD01_F03_ZD,
SEN_DSK_000556,DESK_OCCUPANCY,WORKSPACE,DESK_BLD01_F03_0556,BLD01_F03,BLD01_F03_ZD,
SEN_DSK_000557,DESK_OCCUPANCY,WORKSPACE,DESK_BLD01_F03_0557,BLD01_F03,BLD01_F03_ZD,
SEN_DSK_000558,DESK_OCCUPANCY,WORKSPACE,DESK_BLD01_F03_0558,BLD01_F03,BLD01_F03_ZD,
SEN_DSK_000559,DESK_OCCUPANCY,WORKSPACE,DESK_BLD01_F03_0559,BLD01_F03,BLD01_F03_ZD,
SEN_DSK_000560,DESK_OCCUPANCY,WORKSPACE,DESK_BLD01_F03_0560,BLD01_F03,BLD01_F03_ZD,
SEN_DSK_000561,DESK_OCCUPANCY,WORKSPACE,DESK_BLD01_F03_0561,BLD01_F03,BLD01_F03_ZD,
SEN_DSK_000562,DESK_OCCUPANCY,WORKSPACE,DESK_BLD01_F03_0562,BLD01_F03,BLD01_F03_ZD,
SEN_DSK_000563,DESK_OCCUPANCY,WORKSPACE,DESK_BLD01_F03_0563,BLD01_F03,BLD01_F03_ZD,
SEN_DSK_000564,DESK_OCCUPANCY,WORKSPACE,DESK_BLD01_F03_0564,BLD01_F03,BLD01_F03_ZD,
SEN_DSK_000565,DESK_OCCUPANCY,WORKSPACE,DESK_BLD01_F03_0565,BLD01_F03,BLD01_F03_ZD,
SEN_DSK_000566,DESK_OCCUPANCY,WORKSPACE,DESK_BLD01_F03_0566,BLD01_F03,BLD01_F03_ZD,
SEN_DSK_000567,DESK_OCCUPANCY,WORKSPACE,DESK_BLD01_F03_0567,BLD01_F03,BLD01_F03_ZD,
SEN_DSK_000568,DESK_OCCUPANCY,WORKSPACE,DESK_BLD01_F03_0568,BLD01_F03,BLD01_F03_ZD,
SEN_DSK_000569,DESK_OCCUPANCY,WORKSPACE,DESK_BLD01_F03_0569,BLD01_F03,BLD01_F03_ZD,
SEN_DSK_000570,DESK_OCCUPANCY,WORKSPACE,DESK_BLD01_F03_0570,BLD01_F03,BLD01_F03_ZD,
SEN_DSK_000571,DESK_OCCUPANCY,WORKSPACE,DESK_BLD01_F03_0571,BLD01_F03,BLD01_F03_ZD,
SEN_DSK_000572,DESK_OCCUPANCY,WORKSPACE,DESK_BLD01_F03_0572,BLD01_F03,BLD01_F03_ZD,
SEN_DSK_000573,DESK_OCCUPANCY,WORKSPACE,DESK_BLD01_F03_0573,BLD01_F03,BLD01_F03_ZD,
SEN_DSK_000574,DESK_OCCUPANCY,WORKSPACE,DESK_BLD01_F03_0574,BLD01_F03,BLD01_F03_ZD,
SEN_DSK_000575,DESK_OCCUPANCY,WORKSPACE,DESK_BLD01_F03_0575,BLD01_F03,BLD01_F03_ZD,
SEN_DSK_000576,DESK_OCCUPANCY,WORKSPACE,DESK_BLD01_F03_0576,BLD01_F03,BLD01_F03_ZD,
SEN_DSK_000577,DESK_OCCUPANCY,WORKSPACE,DESK_BLD01_F03_0577,BLD01_F03,BLD01_F03_ZD,
SEN_DSK_000578,DESK_OCCUPANCY,WORKSPACE,DESK_BLD01_F03_0578,BLD01_F03,BLD01_F03_ZD,
SEN_DSK_000579,DESK_OCCUPANCY,WORKSPACE,DESK_BLD01_F03_0579,BLD01_F03,BLD01_F03_ZD,
SEN_DSK_000580,DESK_OCCUPANCY,WORKSPACE,DESK_BLD01_F03_0580,BLD01_F03,BLD01_F03_ZD,
SEN_DSK_000581,DESK_OCCUPANCY,WORKSPACE,DESK_BLD01_F03_0581,BLD01_F03,BLD01_F03_ZD,
SEN_DSK_000582,DESK_OCCUPANCY,WORKSPACE,DESK_BLD01_F03_0582,BLD01_F03,BLD01_F03_ZD,
SEN_DSK_000583,DESK_OCCUPANCY,WORKSPACE,DESK_BLD01_F03_0583,BLD01_F03,BLD01_F03_ZD,
SEN_DSK_000584,DESK_OCCUPANCY,WORKSPACE,DESK_BLD01_F03_0584,BLD01_F03,BLD01_F03_ZD,
SEN_DSK_000585,DESK_OCCUPANCY,WORKSPACE,DESK_BLD01_F03_0585,BLD01_F03,BLD01_F03_ZD,
SEN_DSK_000586,DESK_OCCUPANCY,WORKSPACE,DESK_BLD01_F03_0586,BLD01_F03,BLD01_F03_ZD,
SEN_DSK_000587,DESK_OCCUPANCY,WORKSPACE,DESK_BLD01_F03_0587,BLD01_F03,BLD01_F03_ZD,
SEN_DSK_000588,DESK_OCCUPANCY,WORKSPACE,DESK_BLD01_F03_0588,BLD01_F03,BLD01_F03_ZD,
SEN_DSK_000589,DESK_OCCUPANCY,WORKSPACE,DESK_BLD01_F03_0589,BLD01_F03,BLD01_F03_ZD,
SEN_DSK_000590,DESK_OCCUPANCY,WORKSPACE,DESK_BLD01_F03_0590,BLD01_F03,BLD01_F03_ZD,
SEN_DSK_000591,DESK_OCCUPANCY,WORKSPACE,DESK_BLD01_F03_0591,BLD01_F03,BLD01_F03_ZD,
SEN_DSK_000592,DESK_OCCUPANCY,WORKSPACE,DESK_BLD01_F03_0592,BLD01_F03,BLD01_F03_ZD,
SEN_DSK_000593,DESK_OCCUPANCY,WORKSPACE,DESK_BLD01_F03_0593,BLD01_F03,BLD01_F03_ZD,
SEN_DSK_000594,DESK_OCCUPANCY,WORKSPACE,DESK_BLD01_F03_0594,BLD01_F03,BLD01_F03_ZD,
SEN_DSK_000595,DESK_OCCUPANCY,WORKSPACE,DESK_BLD01_F03_0595,BLD01_F03,BLD01_F03_ZD,
SEN_DSK_000596,DESK_OCCUPANCY,WORKSPACE,DESK_BLD01_F03_0596,BLD01_F03,BLD01_F03_ZD,
SEN_DSK_000597,DESK_OCCUPANCY,WORKSPACE,DESK_BLD01_F03_0597,BLD01_F03,BLD01_F03_ZD,
SEN_DSK_000598,DESK_OCCUPANCY,WORKSPACE,DESK_BLD01_F03_0598,BLD01_F03,BLD01_F03_ZD,
SEN_DSK_000599,DESK_OCCUPANCY,WORKSPACE,DESK_BLD01_F03_0599,BLD01_F03,BLD01_F03_ZD,
SEN_DSK_000600,DESK_OCCUPANCY,WORKSPACE,DESK_BLD01_F03_0600,BLD01_F03,BLD01_F03_ZD,
SEN_RM_000025,ROOM_COUNT,ROOM,ROOM_BLD01_F03_025,BLD01_F03,BLD01_F03_ZMTG,
SEN_RM_000026,ROOM_COUNT,ROOM,ROOM_BLD01_F03_026,BLD01_F03,BLD01_F03_ZMTG,
SEN_RM_000027,ROOM_COUNT,ROOM,ROOM_BLD01_F03_027,BLD01_F03,BLD01_F03_ZMTG,
SEN_RM_000028,ROOM_COUNT,ROOM,ROOM_BLD01_F03_028,BLD01_F03,BLD01_F03_ZMTG,
SEN_RM_000029,ROOM_COUNT,ROOM,ROOM_BLD01_F03_029,BLD01_F03,BLD01_F03_ZMTG,
SEN_RM_000030,ROOM_COUNT,ROOM,ROOM_BLD01_F03_030,BLD01_F03,BLD01_F03_ZMTG,
SEN_RM_000031,ROOM_COUNT,ROOM,ROOM_BLD01_F03_031,BLD01_F03,BLD01_F03_ZMTG,
SEN_RM_000032,ROOM_COUNT,ROOM,ROOM_BLD01_F03_032,BLD01_F03,BLD01_F03_ZMTG,
SEN_RM_000033,ROOM_COUNT,ROOM,ROOM_BLD01_F03_033,BLD01_F03,BLD01_F03_ZMTG,
SEN_RM_000034,ROOM_COUNT,ROOM,ROOM_BLD01_F03_034,BLD01_F03,BLD01_F03_ZMTG,
SEN_RM_000035,ROOM_COUNT,ROOM,ROOM_BLD01_F03_035,BLD01_F03,BLD01_F03_ZMTG,
SEN_RM_000036,ROOM_COUNT,ROOM,AREA_BLD01_F03_COL,BLD01_F03,BLD01_F03_ZCOM,
SEN_RM_000037,ROOM_COUNT,ROOM,AREA_BLD01_F03_LOU,BLD01_F03,BLD01_F03_ZCOM,
SEN_ENV_000015,ENVIRONMENT,ZONE,BLD01_F03_ZLOB,BLD01_F03,BLD01_F03_ZLOB,"[""TEMPERATURE"", ""HUMIDITY"", ""CO2"", ""LIGHT"", ""NOISE""]"
SEN_ENV_000016,ENVIRONMENT,ZONE,BLD01_F03_ZA,BLD01_F03,BLD01_F03_ZA,"[""TEMPERATURE"", ""HUMIDITY"", ""CO2"", ""LIGHT"", ""NOISE""]"
SEN_ENV_000017,ENVIRONMENT,ZONE,BLD01_F03_ZB,BLD01_F03,BLD01_F03_ZB,"[""TEMPERATURE"", ""HUMIDITY"", ""CO2"", ""LIGHT"", ""NOISE""]"
SEN_ENV_000018,ENVIRONMENT,ZONE,BLD01_F03_ZC,BLD01_F03,BLD01_F03_ZC,"[""TEMPERATURE"", ""HUMIDITY"", ""CO2"", ""LIGHT"", ""NOISE""]"
SEN_ENV_000019,ENVIRONMENT,ZONE,BLD01_F03_ZD,BLD01_F03,BLD01_F03_ZD,"[""TEMPERATURE"", ""HUMIDITY"", ""CO2"", ""LIGHT"", ""NOISE""]"
SEN_ENV_000020,ENVIRONMENT,ZONE,BLD01_F03_ZMTG,BLD01_F03,BLD01_F03_ZMTG,"[""TEMPERATURE"", ""HUMIDITY"", ""CO2"", ""LIGHT"", ""NOISE""]"
SEN_ENV_000021,ENVIRONMENT,ZONE,BLD01_F03_ZCOM,BLD01_F03,BLD01_F03_ZCOM,"[""TEMPERATURE"", ""HUMIDITY"", ""CO2"", ""LIGHT"", ""NOISE""]"
SEN_DSK_000601,DESK_OCCUPANCY,WORKSPACE,DESK_BLD01_F04_0601,BLD01_F04,BLD01_F04_ZA,
SEN_DSK_000602,DESK_OCCUPANCY,WORKSPACE,DESK_BLD01_F04_0602,BLD01_F04,BLD01_F04_ZA,
SEN_DSK_000603,DESK_OCCUPANCY,WORKSPACE,DESK_BLD01_F04_0603,BLD01_F04,BLD01_F04_ZA,
SEN_DSK_000604,DESK_OCCUPANCY,WORKSPACE,DESK_BLD01_F04_0604,BLD01_F04,BLD01_F04_ZA,
SEN_DSK_000605,DESK_OCCUPANCY,WORKSPACE,DESK_BLD01_F04_0605,BLD01_F04,BLD01_F04_ZA,
SEN_DSK_000606,DESK_OCCUPANCY,WORKSPACE,DESK_BLD01_F04_0606,BLD01_F04,BLD01_F04_ZA,
SEN_DSK_000607,DESK_OCCUPANCY,WORKSPACE,DESK_BLD01_F04_0607,BLD01_F04,BLD01_F04_ZA,
SEN_DSK_000608,DESK_OCCUPANCY,WORKSPACE,DESK_BLD01_F04_0608,BLD01_F04,BLD01_F04_ZA,
SEN_DSK_000609,DESK_OCCUPANCY,WORKSPACE,DESK_BLD01_F04_0609,BLD01_F04,BLD01_F04_ZA,
SEN_DSK_000610,DESK_OCCUPANCY,WORKSPACE,DESK_BLD01_F04_0610,BLD01_F04,BLD01_F04_ZA,
SEN_DSK_000611,DESK_OCCUPANCY,WORKSPACE,DESK_BLD01_F04_0611,BLD01_F04,BLD01_F04_ZA,
SEN_DSK_000612,DESK_OCCUPANCY,WORKSPACE,DESK_BLD01_F04_0612,BLD01_F04,BLD01_F04_ZA,
SEN_DSK_000613,DESK_OCCUPANCY,WORKSPACE,DESK_BLD01_F04_0613,BLD01_F04,BLD01_F04_ZA,
SEN_DSK_000614,DESK_OCCUPANCY,WORKSPACE,DESK_BLD01_F04_0614,BLD01_F04,BLD01_F04_ZA,
SEN_DSK_000615,DESK_OCCUPANCY,WORKSPACE,DESK_BLD01_F04_0615,BLD01_F04,BLD01_F04_ZA,
SEN_DSK_000616,DESK_OCCUPANCY,WORKSPACE,DESK_BLD01_F04_0616,BLD01_F04,BLD01_F04_ZA,
SEN_DSK_000617,DESK_OCCUPANCY,WORKSPACE,DESK_BLD01_F04_0617,BLD01_F04,BLD01_F04_ZA,
SEN_DSK_000618,DESK_OCCUPANCY,WORKSPACE,DESK_BLD01_F04_0618,BLD01_F04,BLD01_F04_ZA,
SEN_DSK_000619,DESK_OCCUPANCY,WORKSPACE,DESK_BLD01_F04_0619,BLD01_F04,BLD01_F04_ZA,
SEN_DSK_000620,DESK_OCCUPANCY,WORKSPACE,DESK_BLD01_F04_0620,BLD01_F04,BLD01_F04_ZA,
SEN_DSK_000621,DESK_OCCUPANCY,WORKSPACE,DESK_BLD01_F04_0621,BLD01_F04,BLD01_F04_ZA,
SEN_DSK_000622,DESK_OCCUPANCY,WORKSPACE,DESK_BLD01_F04_0622,BLD01_F04,BLD01_F04_ZA,
SEN_DSK_000623,DESK_OCCUPANCY,WORKSPACE,DESK_BLD01_F04_0623,BLD01_F04,BLD01_F04_ZA,
SEN_DSK_000624,DESK_OCCUPANCY,WORKSPACE,DESK_BLD01_F04_0624,BLD01_F04,BLD01_F04_ZA,
SEN_DSK_000625,DESK_OCCUPANCY,WORKSPACE,DESK_BLD01_F04_0625,BLD01_F04,BLD01_F04_ZA,
SEN_DSK_000626,DESK_OCCUPANCY,WORKSPACE,DESK_BLD01_F04_0626,BLD01_F04,BLD01_F04_ZA,
SEN_DSK_000627,DESK_OCCUPANCY,WORKSPACE,DESK_BLD01_F04_0627,BLD01_F04,BLD01_F04_ZA,
SEN_DSK_000628,DESK_OCCUPANCY,WORKSPACE,DESK_BLD01_F04_0628,BLD01_F04,BLD01_F04_ZA,
SEN_DSK_000629,DESK_OCCUPANCY,WORKSPACE,DESK_BLD01_F04_0629,BLD01_F04,BLD01_F04_ZA,
SEN_DSK_000630,DESK_OCCUPANCY,WORKSPACE,DESK_BLD01_F04_0630,BLD01_F04,BLD01_F04_ZA,
SEN_DSK_000631,DESK_OCCUPANCY,WORKSPACE,DESK_BLD01_F04_0631,BLD01_F04,BLD01_F04_ZA,
SEN_DSK_000632,DESK_OCCUPANCY,WORKSPACE,DESK_BLD01_F04_0632,BLD01_F04,BLD01_F04_ZA,
SEN_DSK_000633,DESK_OCCUPANCY,WORKSPACE,DESK_BLD01_F04_0633,BLD01_F04,BLD01_F04_ZA,
SEN_DSK_000634,DESK_OCCUPANCY,WORKSPACE,DESK_BLD01_F04_0634,BLD01_F04,BLD01_F04_ZA,
SEN_DSK_000635,DESK_OCCUPANCY,WORKSPACE,DESK_BLD01_F04_0635,BLD01_F04,BLD01_F04_ZA,
SEN_DSK_000636,DESK_OCCUPANCY,WORKSPACE,DESK_BLD01_F04_0636,BLD01_F04,BLD01_F04_ZA,
SEN_DSK_000637,DESK_OCCUPANCY,WORKSPACE,DESK_BLD01_F04_0637,BLD01_F04,BLD01_F04_ZA,
SEN_DSK_000638,DESK_OCCUPANCY,WORKSPACE,DESK_BLD01_F04_0638,BLD01_F04,BLD01_F04_ZA,
SEN_DSK_000639,DESK_OCCUPANCY,WORKSPACE,DESK_BLD01_F04_0639,BLD01_F04,BLD01_F04_ZA,
SEN_DSK_000640,DESK_OCCUPANCY,WORKSPACE,DESK_BLD01_F04_0640,BLD01_F04,BLD01_F04_ZA,
SEN_DSK_000641,DESK_OCCUPANCY,WORKSPACE,DESK_BLD01_F04_0641,BLD01_F04,BLD01_F04_ZA,
SEN_DSK_000642,DESK_OCCUPANCY,WORKSPACE,DESK_BLD01_F04_0642,BLD01_F04,BLD01_F04_ZA,
SEN_DSK_000643,DESK_OCCUPANCY,WORKSPACE,DESK_BLD01_F04_0643,BLD01_F04,BLD01_F04_ZA,
SEN_DSK_000644,DESK_OCCUPANCY,WORKSPACE,DESK_BLD01_F04_0644,BLD01_F04,BLD01_F04_ZA,
SEN_DSK_000645,DESK_OCCUPANCY,WORKSPACE,DESK_BLD01_F04_0645,BLD01_F04,BLD01_F04_ZA,
SEN_DSK_000646,DESK_OCCUPANCY,WORKSPACE,DESK_BLD01_F04_0646,BLD01_F04,BLD01_F04_ZA,
SEN_DSK_000647,DESK_OCCUPANCY,WORKSPACE,DESK_BLD01_F04_0647,BLD01_F04,BLD01_F04_ZA,
SEN_DSK_000648,DESK_OCCUPANCY,WORKSPACE,DESK_BLD01_F04_0648,BLD01_F04,BLD01_F04_ZA,
SEN_DSK_000649,DESK_OCCUPANCY,WORKSPACE,DESK_BLD01_F04_0649,BLD01_F04,BLD01_F04_ZA,
SEN_DSK_000650,DESK_OCCUPANCY,WORKSPACE,DESK_BLD01_F04_0650,BLD01_F04,BLD01_F04_ZA,
SEN_DSK_000651,DESK_OCCUPANCY,WORKSPACE,DESK_BLD01_F04_0651,BLD01_F04,BLD01_F04_ZB,
SEN_DSK_000652,DESK_OCCUPANCY,WORKSPACE,DESK_BLD01_F04_0652,BLD01_F04,BLD01_F04_ZB,
SEN_DSK_000653,DESK_OCCUPANCY,WORKSPACE,DESK_BLD01_F04_0653,BLD01_F04,BLD01_F04_ZB,
SEN_DSK_000654,DESK_OCCUPANCY,WORKSPACE,DESK_BLD01_F04_0654,BLD01_F04,BLD01_F04_ZB,
SEN_DSK_000655,DESK_OCCUPANCY,WORKSPACE,DESK_BLD01_F04_0655,BLD01_F04,BLD01_F04_ZB,
SEN_DSK_000656,DESK_OCCUPANCY,WORKSPACE,DESK_BLD01_F04_0656,BLD01_F04,BLD01_F04_ZB,
SEN_DSK_000657,DESK_OCCUPANCY,WORKSPACE,DESK_BLD01_F04_0657,BLD01_F04,BLD01_F04_ZB,
SEN_DSK_000658,DESK_OCCUPANCY,WORKSPACE,DESK_BLD01_F04_0658,BLD01_F04,BLD01_F04_ZB,
SEN_DSK_000659,DESK_OCCUPANCY,WORKSPACE,DESK_BLD01_F04_0659,BLD01_F04,BLD01_F04_ZB,
SEN_DSK_000660,DESK_OCCUPANCY,WORKSPACE,DESK_BLD01_F04_0660,BLD01_F04,BLD01_F04_ZB,
SEN_DSK_000661,DESK_OCCUPANCY,WORKSPACE,DESK_BLD01_F04_0661,BLD01_F04,BLD01_F04_ZB,
SEN_DSK_000662,DESK_OCCUPANCY,WORKSPACE,DESK_BLD01_F04_0662,BLD01_F04,BLD01_F04_ZB,
SEN_DSK_000663,DESK_OCCUPANCY,WORKSPACE,DESK_BLD01_F04_0663,BLD01_F04,BLD01_F04_ZB,
SEN_DSK_000664,DESK_OCCUPANCY,WORKSPACE,DESK_BLD01_F04_0664,BLD01_F04,BLD01_F04_ZB,
SEN_DSK_000665,DESK_OCCUPANCY,WORKSPACE,DESK_BLD01_F04_0665,BLD01_F04,BLD01_F04_ZB,
SEN_DSK_000666,DESK_OCCUPANCY,WORKSPACE,DESK_BLD01_F04_0666,BLD01_F04,BLD01_F04_ZB,
SEN_DSK_000667,DESK_OCCUPANCY,WORKSPACE,DESK_BLD01_F04_0667,BLD01_F04,BLD01_F04_ZB,
SEN_DSK_000668,DESK_OCCUPANCY,WORKSPACE,DESK_BLD01_F04_0668,BLD01_F04,BLD01_F04_ZB,
SEN_DSK_000669,DESK_OCCUPANCY,WORKSPACE,DESK_BLD01_F04_0669,BLD01_F04,BLD01_F04_ZB,
SEN_DSK_000670,DESK_OCCUPANCY,WORKSPACE,DESK_BLD01_F04_0670,BLD01_F04,BLD01_F04_ZB,
SEN_DSK_000671,DESK_OCCUPANCY,WORKSPACE,DESK_BLD01_F04_0671,BLD01_F04,BLD01_F04_ZB,
SEN_DSK_000672,DESK_OCCUPANCY,WORKSPACE,DESK_BLD01_F04_0672,BLD01_F04,BLD01_F04_ZB,
SEN_DSK_000673,DESK_OCCUPANCY,WORKSPACE,DESK_BLD01_F04_0673,BLD01_F04,BLD01_F04_ZB,
SEN_DSK_000674,DESK_OCCUPANCY,WORKSPACE,DESK_BLD01_F04_0674,BLD01_F04,BLD01_F04_ZB,
SEN_DSK_000675,DESK_OCCUPANCY,WORKSPACE,DESK_BLD01_F04_0675,BLD01_F04,BLD01_F04_ZB,
SEN_DSK_000676,DESK_OCCUPANCY,WORKSPACE,DESK_BLD01_F04_0676,BLD01_F04,BLD01_F04_ZB,
SEN_DSK_000677,DESK_OCCUPANCY,WORKSPACE,DESK_BLD01_F04_0677,BLD01_F04,BLD01_F04_ZB,
SEN_DSK_000678,DESK_OCCUPANCY,WORKSPACE,DESK_BLD01_F04_0678,BLD01_F04,BLD01_F04_ZB,
SEN_DSK_000679,DESK_OCCUPANCY,WORKSPACE,DESK_BLD01_F04_0679,BLD01_F04,BLD01_F04_ZB,
SEN_DSK_000680,DESK_OCCUPANCY,WORKSPACE,DESK_BLD01_F04_0680,BLD01_F04,BLD01_F04_ZB,
SEN_DSK_000681,DESK_OCCUPANCY,WORKSPACE,DESK_BLD01_F04_0681,BLD01_F04,BLD01_F04_ZB,
SEN_DSK_000682,DESK_OCCUPANCY,WORKSPACE,DESK_BLD01_F04_0682,BLD01_F04,BLD01_F04_ZB,
SEN_DSK_000683,DESK_OCCUPANCY,WORKSPACE,DESK_BLD01_F04_0683,BLD01_F04,BLD01_F04_ZB,
SEN_DSK_000684,DESK_OCCUPANCY,WORKSPACE,DESK_BLD01_F04_0684,BLD01_F04,BLD01_F04_ZB,
SEN_DSK_000685,DESK_OCCUPANCY,WORKSPACE,DESK_BLD01_F04_0685,BLD01_F04,BLD01_F04_ZB,
SEN_DSK_000686,DESK_OCCUPANCY,WORKSPACE,DESK_BLD01_F04_0686,BLD01_F04,BLD01_F04_ZB,
SEN_DSK_000687,DESK_OCCUPANCY,WORKSPACE,DESK_BLD01_F04_0687,BLD01_F04,BLD01_F04_ZB,
SEN_DSK_000688,DESK_OCCUPANCY,WORKSPACE,DESK_BLD01_F04_0688,BLD01_F04,BLD01_F04_ZB,
SEN_DSK_000689,DESK_OCCUPANCY,WORKSPACE,DESK_BLD01_F04_0689,BLD01_F04,BLD01_F04_ZB,
SEN_DSK_000690,DESK_OCCUPANCY,WORKSPACE,DESK_BLD01_F04_0690,BLD01_F04,BLD01_F04_ZB,
SEN_DSK_000691,DESK_OCCUPANCY,WORKSPACE,DESK_BLD01_F04_0691,BLD01_F04,BLD01_F04_ZB,
SEN_DSK_000692,DESK_OCCUPANCY,WORKSPACE,DESK_BLD01_F04_0692,BLD01_F04,BLD01_F04_ZB,
SEN_DSK_000693,DESK_OCCUPANCY,WORKSPACE,DESK_BLD01_F04_0693,BLD01_F04,BLD01_F04_ZB,
SEN_DSK_000694,DESK_OCCUPANCY,WORKSPACE,DESK_BLD01_F04_0694,BLD01_F04,BLD01_F04_ZB,
SEN_DSK_000695,DESK_OCCUPANCY,WORKSPACE,DESK_BLD01_F04_0695,BLD01_F04,BLD01_F04_ZB,
SEN_DSK_000696,DESK_OCCUPANCY,WORKSPACE,DESK_BLD01_F04_0696,BLD01_F04,BLD01_F04_ZB,
SEN_DSK_000697,DESK_OCCUPANCY,WORKSPACE,DESK_BLD01_F04_0697,BLD01_F04,BLD01_F04_ZB,
SEN_DSK_000698,DESK_OCCUPANCY,WORKSPACE,DESK_BLD01_F04_0698,BLD01_F04,BLD01_F04_ZB,
SEN_DSK_000699,DESK_OCCUPANCY,WORKSPACE,DESK_BLD01_F04_0699,BLD01_F04,BLD01_F04_ZB,
SEN_DSK_000700,DESK_OCCUPANCY,WORKSPACE,DESK_BLD01_F04_0700,BLD01_F04,BLD01_F04_ZB,
SEN_DSK_000701,DESK_OCCUPANCY,WORKSPACE,DESK_BLD01_F04_0701,BLD01_F04,BLD01_F04_ZC,
SEN_DSK_000702,DESK_OCCUPANCY,WORKSPACE,DESK_BLD01_F04_0702,BLD01_F04,BLD01_F04_ZC,
SEN_DSK_000703,DESK_OCCUPANCY,WORKSPACE,DESK_BLD01_F04_0703,BLD01_F04,BLD01_F04_ZC,
SEN_DSK_000704,DESK_OCCUPANCY,WORKSPACE,DESK_BLD01_F04_0704,BLD01_F04,BLD01_F04_ZC,
SEN_DSK_000705,DESK_OCCUPANCY,WORKSPACE,DESK_BLD01_F04_0705,BLD01_F04,BLD01_F04_ZC,
SEN_DSK_000706,DESK_OCCUPANCY,WORKSPACE,DESK_BLD01_F04_0706,BLD01_F04,BLD01_F04_ZC,
SEN_DSK_000707,DESK_OCCUPANCY,WORKSPACE,DESK_BLD01_F04_0707,BLD01_F04,BLD01_F04_ZC,
SEN_DSK_000708,DESK_OCCUPANCY,WORKSPACE,DESK_BLD01_F04_0708,BLD01_F04,BLD01_F04_ZC,
SEN_DSK_000709,DESK_OCCUPANCY,WORKSPACE,DESK_BLD01_F04_0709,BLD01_F04,BLD01_F04_ZC,
SEN_DSK_000710,DESK_OCCUPANCY,WORKSPACE,DESK_BLD01_F04_0710,BLD01_F04,BLD01_F04_ZC,
SEN_DSK_000711,DESK_OCCUPANCY,WORKSPACE,DESK_BLD01_F04_0711,BLD01_F04,BLD01_F04_ZC,
SEN_DSK_000712,DESK_OCCUPANCY,WORKSPACE,DESK_BLD01_F04_0712,BLD01_F04,BLD01_F04_ZC,
SEN_DSK_000713,DESK_OCCUPANCY,WORKSPACE,DESK_BLD01_F04_0713,BLD01_F04,BLD01_F04_ZC,
SEN_DSK_000714,DESK_OCCUPANCY,WORKSPACE,DESK_BLD01_F04_0714,BLD01_F04,BLD01_F04_ZC,
SEN_DSK_000715,DESK_OCCUPANCY,WORKSPACE,DESK_BLD01_F04_0715,BLD01_F04,BLD01_F04_ZC,
SEN_DSK_000716,DESK_OCCUPANCY,WORKSPACE,DESK_BLD01_F04_0716,BLD01_F04,BLD01_F04_ZC,
SEN_DSK_000717,DESK_OCCUPANCY,WORKSPACE,DESK_BLD01_F04_0717,BLD01_F04,BLD01_F04_ZC,
SEN_DSK_000718,DESK_OCCUPANCY,WORKSPACE,DESK_BLD01_F04_0718,BLD01_F04,BLD01_F04_ZC,
SEN_DSK_000719,DESK_OCCUPANCY,WORKSPACE,DESK_BLD01_F04_0719,BLD01_F04,BLD01_F04_ZC,
SEN_DSK_000720,DESK_OCCUPANCY,WORKSPACE,DESK_BLD01_F04_0720,BLD01_F04,BLD01_F04_ZC,
SEN_DSK_000721,DESK_OCCUPANCY,WORKSPACE,DESK_BLD01_F04_0721,BLD01_F04,BLD01_F04_ZC,
SEN_DSK_000722,DESK_OCCUPANCY,WORKSPACE,DESK_BLD01_F04_0722,BLD01_F04,BLD01_F04_ZC,
SEN_DSK_000723,DESK_OCCUPANCY,WORKSPACE,DESK_BLD01_F04_0723,BLD01_F04,BLD01_F04_ZC,
SEN_DSK_000724,DESK_OCCUPANCY,WORKSPACE,DESK_BLD01_F04_0724,BLD01_F04,BLD01_F04_ZC,
SEN_DSK_000725,DESK_OCCUPANCY,WORKSPACE,DESK_BLD01_F04_0725,BLD01_F04,BLD01_F04_ZC,
SEN_DSK_000726,DESK_OCCUPANCY,WORKSPACE,DESK_BLD01_F04_0726,BLD01_F04,BLD01_F04_ZC,
SEN_DSK_000727,DESK_OCCUPANCY,WORKSPACE,DESK_BLD01_F04_0727,BLD01_F04,BLD01_F04_ZC,
SEN_DSK_000728,DESK_OCCUPANCY,WORKSPACE,DESK_BLD01_F04_0728,BLD01_F04,BLD01_F04_ZC,
SEN_DSK_000729,DESK_OCCUPANCY,WORKSPACE,DESK_BLD01_F04_0729,BLD01_F04,BLD01_F04_ZC,
SEN_DSK_000730,DESK_OCCUPANCY,WORKSPACE,DESK_BLD01_F04_0730,BLD01_F04,BLD01_F04_ZC,
SEN_DSK_000731,DESK_OCCUPANCY,WORKSPACE,DESK_BLD01_F04_0731,BLD01_F04,BLD01_F04_ZC,
SEN_DSK_000732,DESK_OCCUPANCY,WORKSPACE,DESK_BLD01_F04_0732,BLD01_F04,BLD01_F04_ZC,
SEN_DSK_000733,DESK_OCCUPANCY,WORKSPACE,DESK_BLD01_F04_0733,BLD01_F04,BLD01_F04_ZC,
SEN_DSK_000734,DESK_OCCUPANCY,WORKSPACE,DESK_BLD01_F04_0734,BLD01_F04,BLD01_F04_ZC,
SEN_DSK_000735,DESK_OCCUPANCY,WORKSPACE,DESK_BLD01_F04_0735,BLD01_F04,BLD01_F04_ZC,
SEN_DSK_000736,DESK_OCCUPANCY,WORKSPACE,DESK_BLD01_F04_0736,BLD01_F04,BLD01_F04_ZC,
SEN_DSK_000737,DESK_OCCUPANCY,WORKSPACE,DESK_BLD01_F04_0737,BLD01_F04,BLD01_F04_ZC,
SEN_DSK_000738,DESK_OCCUPANCY,WORKSPACE,DESK_BLD01_F04_0738,BLD01_F04,BLD01_F04_ZC,
SEN_DSK_000739,DESK_OCCUPANCY,WORKSPACE,DESK_BLD01_F04_0739,BLD01_F04,BLD01_F04_ZC,
SEN_DSK_000740,DESK_OCCUPANCY,WORKSPACE,DESK_BLD01_F04_0740,BLD01_F04,BLD01_F04_ZC,
SEN_DSK_000741,DESK_OCCUPANCY,WORKSPACE,DESK_BLD01_F04_0741,BLD01_F04,BLD01_F04_ZC,
SEN_DSK_000742,DESK_OCCUPANCY,WORKSPACE,DESK_BLD01_F04_0742,BLD01_F04,BLD01_F04_ZC,
SEN_DSK_000743,DESK_OCCUPANCY,WORKSPACE,DESK_BLD01_F04_0743,BLD01_F04,BLD01_F04_ZC,
SEN_DSK_000744,DESK_OCCUPANCY,WORKSPACE,DESK_BLD01_F04_0744,BLD01_F04,BLD01_F04_ZC,
SEN_DSK_000745,DESK_OCCUPANCY,WORKSPACE,DESK_BLD01_F04_0745,BLD01_F04,BLD01_F04_ZC,
SEN_DSK_000746,DESK_OCCUPANCY,WORKSPACE,DESK_BLD01_F04_0746,BLD01_F04,BLD01_F04_ZC,
SEN_DSK_000747,DESK_OCCUPANCY,WORKSPACE,DESK_BLD01_F04_0747,BLD01_F04,BLD01_F04_ZC,
SEN_DSK_000748,DESK_OCCUPANCY,WORKSPACE,DESK_BLD01_F04_0748,BLD01_F04,BLD01_F04_ZC,
SEN_DSK_000749,DESK_OCCUPANCY,WORKSPACE,DESK_BLD01_F04_0749,BLD01_F04,BLD01_F04_ZC,
SEN_DSK_000750,DESK_OCCUPANCY,WORKSPACE,DESK_BLD01_F04_0750,BLD01_F04,BLD01_F04_ZC,
SEN_DSK_000751,DESK_OCCUPANCY,WORKSPACE,DESK_BLD01_F04_0751,BLD01_F04,BLD01_F04_ZD,
SEN_DSK_000752,DESK_OCCUPANCY,WORKSPACE,DESK_BLD01_F04_0752,BLD01_F04,BLD01_F04_ZD,
SEN_DSK_000753,DESK_OCCUPANCY,WORKSPACE,DESK_BLD01_F04_0753,BLD01_F04,BLD01_F04_ZD,
SEN_DSK_000754,DESK_OCCUPANCY,WORKSPACE,DESK_BLD01_F04_0754,BLD01_F04,BLD01_F04_ZD,
SEN_DSK_000755,DESK_OCCUPANCY,WORKSPACE,DESK_BLD01_F04_0755,BLD01_F04,BLD01_F04_ZD,
SEN_DSK_000756,DESK_OCCUPANCY,WORKSPACE,DESK_BLD01_F04_0756,BLD01_F04,BLD01_F04_ZD,
SEN_DSK_000757,DESK_OCCUPANCY,WORKSPACE,DESK_BLD01_F04_0757,BLD01_F04,BLD01_F04_ZD,
SEN_DSK_000758,DESK_OCCUPANCY,WORKSPACE,DESK_BLD01_F04_0758,BLD01_F04,BLD01_F04_ZD,
SEN_DSK_000759,DESK_OCCUPANCY,WORKSPACE,DESK_BLD01_F04_0759,BLD01_F04,BLD01_F04_ZD,
SEN_DSK_000760,DESK_OCCUPANCY,WORKSPACE,DESK_BLD01_F04_0760,BLD01_F04,BLD01_F04_ZD,
SEN_DSK_000761,DESK_OCCUPANCY,WORKSPACE,DESK_BLD01_F04_0761,BLD01_F04,BLD01_F04_ZD,
SEN_DSK_000762,DESK_OCCUPANCY,WORKSPACE,DESK_BLD01_F04_0762,BLD01_F04,BLD01_F04_ZD,
SEN_DSK_000763,DESK_OCCUPANCY,WORKSPACE,DESK_BLD01_F04_0763,BLD01_F04,BLD01_F04_ZD,
SEN_DSK_000764,DESK_OCCUPANCY,WORKSPACE,DESK_BLD01_F04_0764,BLD01_F04,BLD01_F04_ZD,
SEN_DSK_000765,DESK_OCCUPANCY,WORKSPACE,DESK_BLD01_F04_0765,BLD01_F04,BLD01_F04_ZD,
SEN_DSK_000766,DESK_OCCUPANCY,WORKSPACE,DESK_BLD01_F04_0766,BLD01_F04,BLD01_F04_ZD,
SEN_DSK_000767,DESK_OCCUPANCY,WORKSPACE,DESK_BLD01_F04_0767,BLD01_F04,BLD01_F04_ZD,
SEN_DSK_000768,DESK_OCCUPANCY,WORKSPACE,DESK_BLD01_F04_0768,BLD01_F04,BLD01_F04_ZD,
SEN_DSK_000769,DESK_OCCUPANCY,WORKSPACE,DESK_BLD01_F04_0769,BLD01_F04,BLD01_F04_ZD,
SEN_DSK_000770,DESK_OCCUPANCY,WORKSPACE,DESK_BLD01_F04_0770,BLD01_F04,BLD01_F04_ZD,
SEN_DSK_000771,DESK_OCCUPANCY,WORKSPACE,DESK_BLD01_F04_0771,BLD01_F04,BLD01_F04_ZD,
SEN_DSK_000772,DESK_OCCUPANCY,WORKSPACE,DESK_BLD01_F04_0772,BLD01_F04,BLD01_F04_ZD,
SEN_DSK_000773,DESK_OCCUPANCY,WORKSPACE,DESK_BLD01_F04_0773,BLD01_F04,BLD01_F04_ZD,
SEN_DSK_000774,DESK_OCCUPANCY,WORKSPACE,DESK_BLD01_F04_0774,BLD01_F04,BLD01_F04_ZD,
SEN_DSK_000775,DESK_OCCUPANCY,WORKSPACE,DESK_BLD01_F04_0775,BLD01_F04,BLD01_F04_ZD,
SEN_DSK_000776,DESK_OCCUPANCY,WORKSPACE,DESK_BLD01_F04_0776,BLD01_F04,BLD01_F04_ZD,
SEN_DSK_000777,DESK_OCCUPANCY,WORKSPACE,DESK_BLD01_F04_0777,BLD01_F04,BLD01_F04_ZD,
SEN_DSK_000778,DESK_OCCUPANCY,WORKSPACE,DESK_BLD01_F04_0778,BLD01_F04,BLD01_F04_ZD,
SEN_DSK_000779,DESK_OCCUPANCY,WORKSPACE,DESK_BLD01_F04_0779,BLD01_F04,BLD01_F04_ZD,
SEN_DSK_000780,DESK_OCCUPANCY,WORKSPACE,DESK_BLD01_F04_0780,BLD01_F04,BLD01_F04_ZD,
SEN_DSK_000781,DESK_OCCUPANCY,WORKSPACE,DESK_BLD01_F04_0781,BLD01_F04,BLD01_F04_ZD,
SEN_DSK_000782,DESK_OCCUPANCY,WORKSPACE,DESK_BLD01_F04_0782,BLD01_F04,BLD01_F04_ZD,
SEN_DSK_000783,DESK_OCCUPANCY,WORKSPACE,DESK_BLD01_F04_0783,BLD01_F04,BLD01_F04_ZD,
SEN_DSK_000784,DESK_OCCUPANCY,WORKSPACE,DESK_BLD01_F04_0784,BLD01_F04,BLD01_F04_ZD,
SEN_DSK_000785,DESK_OCCUPANCY,WORKSPACE,DESK_BLD01_F04_0785,BLD01_F04,BLD01_F04_ZD,
SEN_DSK_000786,DESK_OCCUPANCY,WORKSPACE,DESK_BLD01_F04_0786,BLD01_F04,BLD01_F04_ZD,
SEN_DSK_000787,DESK_OCCUPANCY,WORKSPACE,DESK_BLD01_F04_0787,BLD01_F04,BLD01_F04_ZD,
SEN_DSK_000788,DESK_OCCUPANCY,WORKSPACE,DESK_BLD01_F04_0788,BLD01_F04,BLD01_F04_ZD,
SEN_DSK_000789,DESK_OCCUPANCY,WORKSPACE,DESK_BLD01_F04_0789,BLD01_F04,BLD01_F04_ZD,
SEN_DSK_000790,DESK_OCCUPANCY,WORKSPACE,DESK_BLD01_F04_0790,BLD01_F04,BLD01_F04_ZD,
SEN_DSK_000791,DESK_OCCUPANCY,WORKSPACE,DESK_BLD01_F04_0791,BLD01_F04,BLD01_F04_ZD,
SEN_DSK_000792,DESK_OCCUPANCY,WORKSPACE,DESK_BLD01_F04_0792,BLD01_F04,BLD01_F04_ZD,
SEN_DSK_000793,DESK_OCCUPANCY,WORKSPACE,DESK_BLD01_F04_0793,BLD01_F04,BLD01_F04_ZD,
SEN_DSK_000794,DESK_OCCUPANCY,WORKSPACE,DESK_BLD01_F04_0794,BLD01_F04,BLD01_F04_ZD,
SEN_DSK_000795,DESK_OCCUPANCY,WORKSPACE,DESK_BLD01_F04_0795,BLD01_F04,BLD01_F04_ZD,
SEN_DSK_000796,DESK_OCCUPANCY,WORKSPACE,DESK_BLD01_F04_0796,BLD01_F04,BLD01_F04_ZD,
SEN_DSK_000797,DESK_OCCUPANCY,WORKSPACE,DESK_BLD01_F04_0797,BLD01_F04,BLD01_F04_ZD,
SEN_DSK_000798,DESK_OCCUPANCY,WORKSPACE,DESK_BLD01_F04_0798,BLD01_F04,BLD01_F04_ZD,
SEN_DSK_000799,DESK_OCCUPANCY,WORKSPACE,DESK_BLD01_F04_0799,BLD01_F04,BLD01_F04_ZD,
SEN_DSK_000800,DESK_OCCUPANCY,WORKSPACE,DESK_BLD01_F04_0800,BLD01_F04,BLD01_F04_ZD,
SEN_RM_000038,ROOM_COUNT,ROOM,ROOM_BLD01_F04_038,BLD01_F04,BLD01_F04_ZMTG,
SEN_RM_000039,ROOM_COUNT,ROOM,ROOM_BLD01_F04_039,BLD01_F04,BLD01_F04_ZMTG,
SEN_RM_000040,ROOM_COUNT,ROOM,ROOM_BLD01_F04_040,BLD01_F04,BLD01_F04_ZMTG,
SEN_RM_000041,ROOM_COUNT,ROOM,ROOM_BLD01_F04_041,BLD01_F04,BLD01_F04_ZMTG,
SEN_RM_000042,ROOM_COUNT,ROOM,ROOM_BLD01_F04_042,BLD01_F04,BLD01_F04_ZMTG,
SEN_RM_000043,ROOM_COUNT,ROOM,ROOM_BLD01_F04_043,BLD01_F04,BLD01_F04_ZMTG,
SEN_RM_000044,ROOM_COUNT,ROOM,ROOM_BLD01_F04_044,BLD01_F04,BLD01_F04_ZMTG,
SEN_RM_000045,ROOM_COUNT,ROOM,ROOM_BLD01_F04_045,BLD01_F04,BLD01_F04_ZMTG,
SEN_RM_000046,ROOM_COUNT,ROOM,ROOM_BLD01_F04_046,BLD01_F04,BLD01_F04_ZMTG,
SEN_RM_000047,ROOM_COUNT,ROOM,ROOM_BLD01_F04_047,BLD01_F04,BLD01_F04_ZMTG,
SEN_RM_000048,ROOM_COUNT,ROOM,ROOM_BLD01_F04_048,BLD01_F04,BLD01_F04_ZMTG,
SEN_RM_000049,ROOM_COUNT,ROOM,AREA_BLD01_F04_COL,BLD01_F04,BLD01_F04_ZCOM,
SEN_RM_000050,ROOM_COUNT,ROOM,AREA_BLD01_F04_LOU,BLD01_F04,BLD01_F04_ZCOM,
SEN_ENV_000022,ENVIRONMENT,ZONE,BLD01_F04_ZLOB,BLD01_F04,BLD01_F04_ZLOB,"[""TEMPERATURE"", ""HUMIDITY"", ""CO2"", ""LIGHT"", ""NOISE""]"
SEN_ENV_000023,ENVIRONMENT,ZONE,BLD01_F04_ZA,BLD01_F04,BLD01_F04_ZA,"[""TEMPERATURE"", ""HUMIDITY"", ""CO2"", ""LIGHT"", ""NOISE""]"
SEN_ENV_000024,ENVIRONMENT,ZONE,BLD01_F04_ZB,BLD01_F04,BLD01_F04_ZB,"[""TEMPERATURE"", ""HUMIDITY"", ""CO2"", ""LIGHT"", ""NOISE""]"
SEN_ENV_000025,ENVIRONMENT,ZONE,BLD01_F04_ZC,BLD01_F04,BLD01_F04_ZC,"[""TEMPERATURE"", ""HUMIDITY"", ""CO2"", ""LIGHT"", ""NOISE""]"
SEN_ENV_000026,ENVIRONMENT,ZONE,BLD01_F04_ZD,BLD01_F04,BLD01_F04_ZD,"[""TEMPERATURE"", ""HUMIDITY"", ""CO2"", ""LIGHT"", ""NOISE""]"
SEN_ENV_000027,ENVIRONMENT,ZONE,BLD01_F04_ZMTG,BLD01_F04,BLD01_F04_ZMTG,"[""TEMPERATURE"", ""HUMIDITY"", ""CO2"", ""LIGHT"", ""NOISE""]"
SEN_ENV_000028,ENVIRONMENT,ZONE,BLD01_F04_ZCOM,BLD01_F04,BLD01_F04_ZCOM,"[""TEMPERATURE"", ""HUMIDITY"", ""CO2"", ""LIGHT"", ""NOISE""]"
