workspace_id,floor_id,zone_id,workspace_type,x,y,size,status,has_sensor,device_type
DESK_BLD01_F01_0001,BLD01_F01,BLD01_F01_ZA,DESK,17.58,6.17,2.62,ACTIVE,True,DOCKING_STATION
DESK_BLD01_F01_0002,BLD01_F01,BLD01_F01_ZA,DESK,22.14,6.17,2.62,ACTIVE,True,DOCKING_STATION
DESK_BLD01_F01_0003,BLD01_F01,BLD01_F01_ZA,DESK,26.69,6.17,2.62,ACTIVE,True,DOCKING_STATION
DESK_BLD01_F01_0004,BLD01_F01,BLD01_F01_ZA,DESK,31.25,6.17,2.62,ACTIVE,True,DOCKING_STATION
DESK_BLD01_F01_0005,BLD01_F01,BLD01_F01_ZA,DESK,35.81,6.17,2.62,ACTIVE,True,DOCKING_STATION
DESK_BLD01_F01_0006,BLD01_F01,BLD01_F01_ZA,DESK,40.36,6.17,2.62,ACTIVE,True,DOCKING_STATION
DESK_BLD01_F01_0007,BLD01_F01,BLD01_F01_ZA,DESK,44.92,6.17,2.62,ACTIVE,True,DOCKING_STATION
DESK_BLD01_F01_0008,BLD01_F01,BLD01_F01_ZA,DESK,17.58,9.91,2.62,ACTIVE,True,DOCKING_STATION
DESK_BLD01_F01_0009,BLD01_F01,BLD01_F01_ZA,DESK,22.14,9.91,2.62,ACTIVE,True,DOCKING_STATION
DESK_BLD01_F01_0010,BLD01_F01,BLD01_F01_ZA,DESK,26.69,9.91,2.62,ACTIVE,True,DOCKING_STATION
DESK_BLD01_F01_0011,BLD01_F01,BLD01_F01_ZA,DESK,31.25,9.91,2.62,ACTIVE,True,DOCKING_STATION
DESK_BLD01_F01_0012,BLD01_F01,BLD01_F01_ZA,DESK,35.81,9.91,2.62,ACTIVE,True,DOCKING_STATION
DESK_BLD01_F01_0013,BLD01_F01,BLD01_F01_ZA,DESK,40.36,9.91,2.62,ACTIVE,True,DOCKING_STATION
DESK_BLD01_F01_0014,BLD01_F01,BLD01_F01_ZA,DESK,44.92,9.91,2.62,ACTIVE,True,DOCKING_STATION
DESK_BLD01_F01_0015,BLD01_F01,BLD01_F01_ZA,DESK,17.58,13.64,2.62,ACTIVE,True,DOCKING_STATION
DESK_BLD01_F01_0016,BLD01_F01,BLD01_F01_ZA,DESK,22.14,13.64,2.62,ACTIVE,True,DOCKING_STATION
DESK_BLD01_F01_0017,BLD01_F01,BLD01_F01_ZA,DESK,26.69,13.64,2.62,ACTIVE,True,DOCKING_STATION
DESK_BLD01_F01_0018,BLD01_F01,BLD01_F01_ZA,DESK,31.25,13.64,2.62,ACTIVE,True,DOCKING_STATION
DESK_BLD01_F01_0019,BLD01_F01,BLD01_F01_ZA,DESK,35.81,13.64,2.62,ACTIVE,True,DOCKING_STATION
DESK_BLD01_F01_0020,BLD01_F01,BLD01_F01_ZA,DESK,40.36,13.64,2.62,ACTIVE,True,DOCKING_STATION
DESK_BLD01_F01_0021,BLD01_F01,BLD01_F01_ZA,DESK,44.92,13.64,2.62,ACTIVE,True,DOCKING_STATION
DESK_BLD01_F01_0022,BLD01_F01,BLD01_F01_ZA,DESK,17.58,17.38,2.62,ACTIVE,True,DOCKING_STATION
DESK_BLD01_F01_0023,BLD01_F01,BLD01_F01_ZA,DESK,22.14,17.38,2.62,ACTIVE,True,DOCKING_STATION
DESK_BLD01_F01_0024,BLD01_F01,BLD01_F01_ZA,DESK,26.69,17.38,2.62,ACTIVE,True,DOCKING_STATION
DESK_BLD01_F01_0025,BLD01_F01,BLD01_F01_ZA,DESK,31.25,17.38,2.62,ACTIVE,True,DOCKING_STATION
DESK_BLD01_F01_0026,BLD01_F01,BLD01_F01_ZA,DESK,35.81,17.38,2.62,ACTIVE,True,DOCKING_STATION
DESK_BLD01_F01_0027,BLD01_F01,BLD01_F01_ZA,DESK,40.36,17.38,2.62,ACTIVE,True,DOCKING_STATION
DESK_BLD01_F01_0028,BLD01_F01,BLD01_F01_ZA,DESK,44.92,17.38,2.62,ACTIVE,True,DOCKING_STATION
DESK_BLD01_F01_0029,BLD01_F01,BLD01_F01_ZA,DESK,17.58,21.12,2.62,ACTIVE,True,DOCKING_STATION
DESK_BLD01_F01_0030,BLD01_F01,BLD01_F01_ZA,DESK,22.14,21.12,2.62,ACTIVE,True,DOCKING_STATION
DESK_BLD01_F01_0031,BLD01_F01,BLD01_F01_ZA,DESK,26.69,21.12,2.62,ACTIVE,True,DOCKING_STATION
DESK_BLD01_F01_0032,BLD01_F01,BLD01_F01_ZA,DESK,31.25,21.12,2.62,ACTIVE,True,DOCKING_STATION
DESK_BLD01_F01_0033,BLD01_F01,BLD01_F01_ZA,DESK,35.81,21.12,2.62,ACTIVE,True,DOCKING_STATION
DESK_BLD01_F01_0034,BLD01_F01,BLD01_F01_ZA,DESK,40.36,21.12,2.62,ACTIVE,True,DOCKING_STATION
DESK_BLD01_F01_0035,BLD01_F01,BLD01_F01_ZA,DESK,44.92,21.12,2.62,ACTIVE,True,DOCKING_STATION
DESK_BLD01_F01_0036,BLD01_F01,BLD01_F01_ZA,DESK,17.58,24.86,2.62,ACTIVE,True,DOCKING_STATION
DESK_BLD01_F01_0037,BLD01_F01,BLD01_F01_ZA,DESK,22.14,24.86,2.62,ACTIVE,True,DOCKING_STATION
DESK_BLD01_F01_0038,BLD01_F01,BLD01_F01_ZA,DESK,26.69,24.86,2.62,ACTIVE,True,DOCKING_STATION
DESK_BLD01_F01_0039,BLD01_F01,BLD01_F01_ZA,DESK,31.25,24.86,2.62,ACTIVE,True,DOCKING_STATION
DESK_BLD01_F01_0040,BLD01_F01,BLD01_F01_ZA,DESK,35.81,24.86,2.62,ACTIVE,True,DOCKING_STATION
DESK_BLD01_F01_0041,BLD01_F01,BLD01_F01_ZA,DESK,40.36,24.86,2.62,ACTIVE,True,DOCKING_STATION
DESK_BLD01_F01_0042,BLD01_F01,BLD01_F01_ZA,DESK,44.92,24.86,2.62,ACTIVE,True,DOCKING_STATION
DESK_BLD01_F01_0043,BLD01_F01,BLD01_F01_ZA,DESK,17.58,28.59,2.62,ACTIVE,True,DOCKING_STATION
DESK_BLD01_F01_0044,BLD01_F01,BLD01_F01_ZA,DESK,22.14,28.59,2.62,ACTIVE,True,DOCKING_STATION
DESK_BLD01_F01_0045,BLD01_F01,BLD01_F01_ZA,DESK,26.69,28.59,2.62,ACTIVE,True,DOCKING_STATION
DESK_BLD01_F01_0046,BLD01_F01,BLD01_F01_ZA,DESK,31.25,28.59,2.62,ACTIVE,True,DOCKING_STATION
DESK_BLD01_F01_0047,BLD01_F01,BLD01_F01_ZA,DESK,35.81,28.59,2.62,ACTIVE,True,DOCKING_STATION
DESK_BLD01_F01_0048,BLD01_F01,BLD01_F01_ZA,DESK,40.36,28.59,2.62,ACTIVE,True,DOCKING_STATION
DESK_BLD01_F01_0049,BLD01_F01,BLD01_F01_ZA,DESK,44.92,28.59,2.62,ACTIVE,True,DOCKING_STATION
DESK_BLD01_F01_0050,BLD01_F01,BLD01_F01_ZA,DESK,17.58,32.33,2.62,ACTIVE,True,DOCKING_STATION
DESK_BLD01_F01_0051,BLD01_F01,BLD01_F01_ZB,DESK,52.08,6.17,2.62,ACTIVE,True,DOCKING_STATION
DESK_BLD01_F01_0052,BLD01_F01,BLD01_F01_ZB,DESK,56.64,6.17,2.62,ACTIVE,True,DOCKING_STATION
DESK_BLD01_F01_0053,BLD01_F01,BLD01_F01_ZB,DESK,61.19,6.17,2.62,ACTIVE,True,DOCKING_STATION
DESK_BLD01_F01_0054,BLD01_F01,BLD01_F01_ZB,DESK,65.75,6.17,2.62,ACTIVE,True,DOCKING_STATION
DESK_BLD01_F01_0055,BLD01_F01,BLD01_F01_ZB,DESK,70.31,6.17,2.62,ACTIVE,True,DOCKING_STATION
DESK_BLD01_F01_0056,BLD01_F01,BLD01_F01_ZB,DESK,74.86,6.17,2.62,ACTIVE,True,DOCKING_STATION
DESK_BLD01_F01_0057,BLD01_F01,BLD01_F01_ZB,DESK,79.42,6.17,2.62,ACTIVE,True,DOCKING_STATION
DESK_BLD01_F01_0058,BLD01_F01,BLD01_F01_ZB,DESK,52.08,9.91,2.62,ACTIVE,True,DOCKING_STATION
DESK_BLD01_F01_0059,BLD01_F01,BLD01_F01_ZB,DESK,56.64,9.91,2.62,ACTIVE,True,DOCKING_STATION
DESK_BLD01_F01_0060,BLD01_F01,BLD01_F01_ZB,DESK,61.19,9.91,2.62,ACTIVE,True,DOCKING_STATION
DESK_BLD01_F01_0061,BLD01_F01,BLD01_F01_ZB,DESK,65.75,9.91,2.62,ACTIVE,True,DOCKING_STATION
DESK_BLD01_F01_0062,BLD01_F01,BLD01_F01_ZB,DESK,70.31,9.91,2.62,ACTIVE,True,DOCKING_STATION
DESK_BLD01_F01_0063,BLD01_F01,BLD01_F01_ZB,DESK,74.86,9.91,2.62,ACTIVE,True,DOCKING_STATION
DESK_BLD01_F01_0064,BLD01_F01,BLD01_F01_ZB,DESK,79.42,9.91,2.62,ACTIVE,True,DOCKING_STATION
DESK_BLD01_F01_0065,BLD01_F01,BLD01_F01_ZB,DESK,52.08,13.64,2.62,ACTIVE,True,DOCKING_STATION
DESK_BLD01_F01_0066,BLD01_F01,BLD01_F01_ZB,DESK,56.64,13.64,2.62,ACTIVE,True,DOCKING_STATION
DESK_BLD01_F01_0067,BLD01_F01,BLD01_F01_ZB,DESK,61.19,13.64,2.62,ACTIVE,True,DOCKING_STATION
DESK_BLD01_F01_0068,BLD01_F01,BLD01_F01_ZB,DESK,65.75,13.64,2.62,ACTIVE,True,DOCKING_STATION
DESK_BLD01_F01_0069,BLD01_F01,BLD01_F01_ZB,DESK,70.31,13.64,2.62,ACTIVE,True,DOCKING_STATION
DESK_BLD01_F01_0070,BLD01_F01,BLD01_F01_ZB,DESK,74.86,13.64,2.62,ACTIVE,True,DOCKING_STATION
DESK_BLD01_F01_0071,BLD01_F01,BLD01_F01_ZB,DESK,79.42,13.64,2.62,ACTIVE,True,DOCKING_STATION
DESK_BLD01_F01_0072,BLD01_F01,BLD01_F01_ZB,DESK,52.08,17.38,2.62,ACTIVE,True,DOCKING_STATION
DESK_BLD01_F01_0073,BLD01_F01,BLD01_F01_ZB,DESK,56.64,17.38,2.62,ACTIVE,True,DOCKING_STATION
DESK_BLD01_F01_0074,BLD01_F01,BLD01_F01_ZB,DESK,61.19,17.38,2.62,ACTIVE,True,DOCKING_STATION
DESK_BLD01_F01_0075,BLD01_F01,BLD01_F01_ZB,DESK,65.75,17.38,2.62,ACTIVE,True,DOCKING_STATION
DESK_BLD01_F01_0076,BLD01_F01,BLD01_F01_ZB,DESK,70.31,17.38,2.62,ACTIVE,True,DOCKING_STATION
DESK_BLD01_F01_0077,BLD01_F01,BLD01_F01_ZB,DESK,74.86,17.38,2.62,ACTIVE,True,DOCKING_STATION
DESK_BLD01_F01_0078,BLD01_F01,BLD01_F01_ZB,DESK,79.42,17.38,2.62,ACTIVE,True,DOCKING_STATION
DESK_BLD01_F01_0079,BLD01_F01,BLD01_F01_ZB,DESK,52.08,21.12,2.62,ACTIVE,True,DOCKING_STATION
DESK_BLD01_F01_0080,BLD01_F01,BLD01_F01_ZB,DESK,56.64,21.12,2.62,ACTIVE,True,DOCKING_STATION
DESK_BLD01_F01_0081,BLD01_F01,BLD01_F01_ZB,DESK,61.19,21.12,2.62,ACTIVE,True,DOCKING_STATION
DESK_BLD01_F01_0082,BLD01_F01,BLD01_F01_ZB,DESK,65.75,21.12,2.62,ACTIVE,True,DOCKING_STATION
DESK_BLD01_F01_0083,BLD01_F01,BLD01_F01_ZB,DESK,70.31,21.12,2.62,ACTIVE,True,DOCKING_STATION
DESK_BLD01_F01_0084,BLD01_F01,BLD01_F01_ZB,DESK,74.86,21.12,2.62,ACTIVE,True,DOCKING_STATION
DESK_BLD01_F01_0085,BLD01_F01,BLD01_F01_ZB,DESK,79.42,21.12,2.62,ACTIVE,True,DOCKING_STATION
DESK_BLD01_F01_0086,BLD01_F01,BLD01_F01_ZB,DESK,52.08,24.86,2.62,ACTIVE,True,DOCKING_STATION
DESK_BLD01_F01_0087,BLD01_F01,BLD01_F01_ZB,DESK,56.64,24.86,2.62,ACTIVE,True,DOCKING_STATION
DESK_BLD01_F01_0088,BLD01_F01,BLD01_F01_ZB,DESK,61.19,24.86,2.62,ACTIVE,True,DOCKING_STATION
DESK_BLD01_F01_0089,BLD01_F01,BLD01_F01_ZB,DESK,65.75,24.86,2.62,ACTIVE,True,DOCKING_STATION
DESK_BLD01_F01_0090,BLD01_F01,BLD01_F01_ZB,DESK,70.31,24.86,2.62,ACTIVE,True,DOCKING_STATION
DESK_BLD01_F01_0091,BLD01_F01,BLD01_F01_ZB,DESK,74.86,24.86,2.62,ACTIVE,True,DOCKING_STATION
DESK_BLD01_F01_0092,BLD01_F01,BLD01_F01_ZB,DESK,79.42,24.86,2.62,ACTIVE,True,DOCKING_STATION
DESK_BLD01_F01_0093,BLD01_F01,BLD01_F01_ZB,DESK,52.08,28.59,2.62,ACTIVE,True,DOCKING_STATION
DESK_BLD01_F01_0094,BLD01_F01,BLD01_F01_ZB,DESK,56.64,28.59,2.62,ACTIVE,True,DOCKING_STATION
DESK_BLD01_F01_0095,BLD01_F01,BLD01_F01_ZB,DESK,61.19,28.59,2.62,ACTIVE,True,DOCKING_STATION
DESK_BLD01_F01_0096,BLD01_F01,BLD01_F01_ZB,DESK,65.75,28.59,2.62,ACTIVE,True,DOCKING_STATION
DESK_BLD01_F01_0097,BLD01_F01,BLD01_F01_ZB,DESK,70.31,28.59,2.62,ACTIVE,True,DOCKING_STATION
DESK_BLD01_F01_0098,BLD01_F01,BLD01_F01_ZB,DESK,74.86,28.59,2.62,ACTIVE,True,DOCKING_STATION
DESK_BLD01_F01_0099,BLD01_F01,BLD01_F01_ZB,DESK,79.42,28.59,2.62,ACTIVE,True,DOCKING_STATION
DESK_BLD01_F01_0100,BLD01_F01,BLD01_F01_ZB,DESK,52.08,32.33,2.62,ACTIVE,True,DOCKING_STATION
DESK_BLD01_F01_0101,BLD01_F01,BLD01_F01_ZC,DESK,17.58,40.67,2.62,ACTIVE,True,DOCKING_STATION
DESK_BLD01_F01_0102,BLD01_F01,BLD01_F01_ZC,DESK,22.14,40.67,2.62,ACTIVE,True,DOCKING_STATION
DESK_BLD01_F01_0103,BLD01_F01,BLD01_F01_ZC,DESK,26.69,40.67,2.62,ACTIVE,True,DOCKING_STATION
DESK_BLD01_F01_0104,BLD01_F01,BLD01_F01_ZC,DESK,31.25,40.67,2.62,ACTIVE,True,DOCKING_STATION
DESK_BLD01_F01_0105,BLD01_F01,BLD01_F01_ZC,DESK,35.81,40.67,2.62,ACTIVE,True,DOCKING_STATION
DESK_BLD01_F01_0106,BLD01_F01,BLD01_F01_ZC,DESK,40.36,40.67,2.62,ACTIVE,True,DOCKING_STATION
DESK_BLD01_F01_0107,BLD01_F01,BLD01_F01_ZC,DESK,44.92,40.67,2.62,ACTIVE,True,DOCKING_STATION
DESK_BLD01_F01_0108,BLD01_F01,BLD01_F01_ZC,DESK,17.58,44.41,2.62,ACTIVE,True,DOCKING_STATION
DESK_BLD01_F01_0109,BLD01_F01,BLD01_F01_ZC,DESK,22.14,44.41,2.62,ACTIVE,True,DOCKING_STATION
DESK_BLD01_F01_0110,BLD01_F01,BLD01_F01_ZC,DESK,26.69,44.41,2.62,ACTIVE,True,DOCKING_STATION
DESK_BLD01_F01_0111,BLD01_F01,BLD01_F01_ZC,DESK,31.25,44.41,2.62,ACTIVE,True,DOCKING_STATION
DESK_BLD01_F01_0112,BLD01_F01,BLD01_F01_ZC,DESK,35.81,44.41,2.62,ACTIVE,True,DOCKING_STATION
DESK_BLD01_F01_0113,BLD01_F01,BLD01_F01_ZC,DESK,40.36,44.41,2.62,ACTIVE,True,DOCKING_STATION
DESK_BLD01_F01_0114,BLD01_F01,BLD01_F01_ZC,DESK,44.92,44.41,2.62,ACTIVE,True,DOCKING_STATION
DESK_BLD01_F01_0115,BLD01_F01,BLD01_F01_ZC,DESK,17.58,48.14,2.62,ACTIVE,True,DOCKING_STATION
DESK_BLD01_F01_0116,BLD01_F01,BLD01_F01_ZC,DESK,22.14,48.14,2.62,ACTIVE,True,DOCKING_STATION
DESK_BLD01_F01_0117,BLD01_F01,BLD01_F01_ZC,DESK,26.69,48.14,2.62,ACTIVE,True,DOCKING_STATION
DESK_BLD01_F01_0118,BLD01_F01,BLD01_F01_ZC,DESK,31.25,48.14,2.62,ACTIVE,True,DOCKING_STATION
DESK_BLD01_F01_0119,BLD01_F01,BLD01_F01_ZC,DESK,35.81,48.14,2.62,ACTIVE,True,DOCKING_STATION
DESK_BLD01_F01_0120,BLD01_F01,BLD01_F01_ZC,DESK,40.36,48.14,2.62,ACTIVE,True,DOCKING_STATION
DESK_BLD01_F01_0121,BLD01_F01,BLD01_F01_ZC,DESK,44.92,48.14,2.62,ACTIVE,True,DOCKING_STATION
DESK_BLD01_F01_0122,BLD01_F01,BLD01_F01_ZC,DESK,17.58,51.88,2.62,ACTIVE,True,DOCKING_STATION
DESK_BLD01_F01_0123,BLD01_F01,BLD01_F01_ZC,DESK,22.14,51.88,2.62,ACTIVE,True,DOCKING_STATION
DESK_BLD01_F01_0124,BLD01_F01,BLD01_F01_ZC,DESK,26.69,51.88,2.62,ACTIVE,True,DOCKING_STATION
DESK_BLD01_F01_0125,BLD01_F01,BLD01_F01_ZC,DESK,31.25,51.88,2.62,ACTIVE,True,DOCKING_STATION
DESK_BLD01_F01_0126,BLD01_F01,BLD01_F01_ZC,DESK,35.81,51.88,2.62,ACTIVE,True,DOCKING_STATION
DESK_BLD01_F01_0127,BLD01_F01,BLD01_F01_ZC,DESK,40.36,51.88,2.62,ACTIVE,True,DOCKING_STATION
DESK_BLD01_F01_0128,BLD01_F01,BLD01_F01_ZC,DESK,44.92,51.88,2.62,ACTIVE,True,DOCKING_STATION
DESK_BLD01_F01_0129,BLD01_F01,BLD01_F01_ZC,DESK,17.58,55.62,2.62,ACTIVE,True,DOCKING_STATION
DESK_BLD01_F01_0130,BLD01_F01,BLD01_F01_ZC,DESK,22.14,55.62,2.62,ACTIVE,True,DOCKING_STATION
DESK_BLD01_F01_0131,BLD01_F01,BLD01_F01_ZC,DESK,26.69,55.62,2.62,ACTIVE,True,DOCKING_STATION
DESK_BLD01_F01_0132,BLD01_F01,BLD01_F01_ZC,DESK,31.25,55.62,2.62,ACTIVE,True,DOCKING_STATION
DESK_BLD01_F01_0133,BLD01_F01,BLD01_F01_ZC,DESK,35.81,55.62,2.62,ACTIVE,True,DOCKING_STATION
DESK_BLD01_F01_0134,BLD01_F01,BLD01_F01_ZC,DESK,40.36,55.62,2.62,ACTIVE,True,DOCKING_STATION
DESK_BLD01_F01_0135,BLD01_F01,BLD01_F01_ZC,DESK,44.92,55.62,2.62,ACTIVE,True,DOCKING_STATION
DESK_BLD01_F01_0136,BLD01_F01,BLD01_F01_ZC,DESK,17.58,59.36,2.62,ACTIVE,True,DOCKING_STATION
DESK_BLD01_F01_0137,BLD01_F01,BLD01_F01_ZC,DESK,22.14,59.36,2.62,ACTIVE,True,DOCKING_STATION
DESK_BLD01_F01_0138,BLD01_F01,BLD01_F01_ZC,DESK,26.69,59.36,2.62,ACTIVE,True,DOCKING_STATION
DESK_BLD01_F01_0139,BLD01_F01,BLD01_F01_ZC,DESK,31.25,59.36,2.62,ACTIVE,True,DOCKING_STATION
DESK_BLD01_F01_0140,BLD01_F01,BLD01_F01_ZC,DESK,35.81,59.36,2.62,ACTIVE,True,DOCKING_STATION
DESK_BLD01_F01_0141,BLD01_F01,BLD01_F01_ZC,DESK,40.36,59.36,2.62,ACTIVE,True,DOCKING_STATION
DESK_BLD01_F01_0142,BLD01_F01,BLD01_F01_ZC,DESK,44.92,59.36,2.62,ACTIVE,True,DOCKING_STATION
DESK_BLD01_F01_0143,BLD01_F01,BLD01_F01_ZC,DESK,17.58,63.09,2.62,ACTIVE,True,DOCKING_STATION
DESK_BLD01_F01_0144,BLD01_F01,BLD01_F01_ZC,DESK,22.14,63.09,2.62,ACTIVE,True,DOCKING_STATION
DESK_BLD01_F01_0145,BLD01_F01,BLD01_F01_ZC,DESK,26.69,63.09,2.62,ACTIVE,True,DOCKING_STATION
DESK_BLD01_F01_0146,BLD01_F01,BLD01_F01_ZC,DESK,31.25,63.09,2.62,ACTIVE,True,DOCKING_STATION
DESK_BLD01_F01_0147,BLD01_F01,BLD01_F01_ZC,DESK,35.81,63.09,2.62,ACTIVE,True,DOCKING_STATION
DESK_BLD01_F01_0148,BLD01_F01,BLD01_F01_ZC,DESK,40.36,63.09,2.62,ACTIVE,True,DOCKING_STATION
DESK_BLD01_F01_0149,BLD01_F01,BLD01_F01_ZC,DESK,44.92,63.09,2.62,ACTIVE,True,DOCKING_STATION
DESK_BLD01_F01_0150,BLD01_F01,BLD01_F01_ZC,DESK,17.58,66.83,2.62,ACTIVE,True,DOCKING_STATION
DESK_BLD01_F01_0151,BLD01_F01,BLD01_F01_ZD,DESK,52.08,40.67,2.62,ACTIVE,True,DOCKING_STATION
DESK_BLD01_F01_0152,BLD01_F01,BLD01_F01_ZD,DESK,56.64,40.67,2.62,ACTIVE,True,DOCKING_STATION
DESK_BLD01_F01_0153,BLD01_F01,BLD01_F01_ZD,DESK,61.19,40.67,2.62,ACTIVE,True,DOCKING_STATION
DESK_BLD01_F01_0154,BLD01_F01,BLD01_F01_ZD,DESK,65.75,40.67,2.62,ACTIVE,True,DOCKING_STATION
DESK_BLD01_F01_0155,BLD01_F01,BLD01_F01_ZD,DESK,70.31,40.67,2.62,ACTIVE,True,DOCKING_STATION
DESK_BLD01_F01_0156,BLD01_F01,BLD01_F01_ZD,DESK,74.86,40.67,2.62,ACTIVE,True,DOCKING_STATION
DESK_BLD01_F01_0157,BLD01_F01,BLD01_F01_ZD,DESK,79.42,40.67,2.62,ACTIVE,True,DOCKING_STATION
DESK_BLD01_F01_0158,BLD01_F01,BLD01_F01_ZD,DESK,52.08,44.41,2.62,ACTIVE,True,DOCKING_STATION
DESK_BLD01_F01_0159,BLD01_F01,BLD01_F01_ZD,DESK,56.64,44.41,2.62,ACTIVE,True,DOCKING_STATION
DESK_BLD01_F01_0160,BLD01_F01,BLD01_F01_ZD,DESK,61.19,44.41,2.62,ACTIVE,True,DOCKING_STATION
DESK_BLD01_F01_0161,BLD01_F01,BLD01_F01_ZD,DESK,65.75,44.41,2.62,ACTIVE,True,DOCKING_STATION
DESK_BLD01_F01_0162,BLD01_F01,BLD01_F01_ZD,DESK,70.31,44.41,2.62,ACTIVE,True,DOCKING_STATION
DESK_BLD01_F01_0163,BLD01_F01,BLD01_F01_ZD,DESK,74.86,44.41,2.62,ACTIVE,True,DOCKING_STATION
DESK_BLD01_F01_0164,BLD01_F01,BLD01_F01_ZD,DESK,79.42,44.41,2.62,ACTIVE,True,DOCKING_STATION
DESK_BLD01_F01_0165,BLD01_F01,BLD01_F01_ZD,DESK,52.08,48.14,2.62,ACTIVE,True,DOCKING_STATION
DESK_BLD01_F01_0166,BLD01_F01,BLD01_F01_ZD,DESK,56.64,48.14,2.62,ACTIVE,True,DOCKING_STATION
DESK_BLD01_F01_0167,BLD01_F01,BLD01_F01_ZD,DESK,61.19,48.14,2.62,ACTIVE,True,DOCKING_STATION
DESK_BLD01_F01_0168,BLD01_F01,BLD01_F01_ZD,DESK,65.75,48.14,2.62,ACTIVE,True,DOCKING_STATION
DESK_BLD01_F01_0169,BLD01_F01,BLD01_F01_ZD,DESK,70.31,48.14,2.62,ACTIVE,True,DOCKING_STATION
DESK_BLD01_F01_0170,BLD01_F01,BLD01_F01_ZD,DESK,74.86,48.14,2.62,ACTIVE,True,DOCKING_STATION
DESK_BLD01_F01_0171,BLD01_F01,BLD01_F01_ZD,DESK,79.42,48.14,2.62,ACTIVE,True,DOCKING_STATION
DESK_BLD01_F01_0172,BLD01_F01,BLD01_F01_ZD,DESK,52.08,51.88,2.62,ACTIVE,True,DOCKING_STATION
DESK_BLD01_F01_0173,BLD01_F01,BLD01_F01_ZD,DESK,56.64,51.88,2.62,ACTIVE,True,DOCKING_STATION
DESK_BLD01_F01_0174,BLD01_F01,BLD01_F01_ZD,DESK,61.19,51.88,2.62,ACTIVE,True,DOCKING_STATION
DESK_BLD01_F01_0175,BLD01_F01,BLD01_F01_ZD,DESK,65.75,51.88,2.62,ACTIVE,True,DOCKING_STATION
DESK_BLD01_F01_0176,BLD01_F01,BLD01_F01_ZD,DESK,70.31,51.88,2.62,ACTIVE,True,DOCKING_STATION
DESK_BLD01_F01_0177,BLD01_F01,BLD01_F01_ZD,DESK,74.86,51.88,2.62,ACTIVE,True,DOCKING_STATION
DESK_BLD01_F01_0178,BLD01_F01,BLD01_F01_ZD,DESK,79.42,51.88,2.62,ACTIVE,True,DOCKING_STATION
DESK_BLD01_F01_0179,BLD01_F01,BLD01_F01_ZD,DESK,52.08,55.62,2.62,ACTIVE,True,DOCKING_STATION
DESK_BLD01_F01_0180,BLD01_F01,BLD01_F01_ZD,DESK,56.64,55.62,2.62,ACTIVE,True,DOCKING_STATION
DESK_BLD01_F01_0181,BLD01_F01,BLD01_F01_ZD,DESK,61.19,55.62,2.62,ACTIVE,True,DOCKING_STATION
DESK_BLD01_F01_0182,BLD01_F01,BLD01_F01_ZD,DESK,65.75,55.62,2.62,ACTIVE,True,DOCKING_STATION
DESK_BLD01_F01_0183,BLD01_F01,BLD01_F01_ZD,DESK,70.31,55.62,2.62,ACTIVE,True,DOCKING_STATION
DESK_BLD01_F01_0184,BLD01_F01,BLD01_F01_ZD,DESK,74.86,55.62,2.62,ACTIVE,True,DOCKING_STATION
DESK_BLD01_F01_0185,BLD01_F01,BLD01_F01_ZD,DESK,79.42,55.62,2.62,ACTIVE,True,DOCKING_STATION
DESK_BLD01_F01_0186,BLD01_F01,BLD01_F01_ZD,DESK,52.08,59.36,2.62,ACTIVE,True,DOCKING_STATION
DESK_BLD01_F01_0187,BLD01_F01,BLD01_F01_ZD,DESK,56.64,59.36,2.62,ACTIVE,True,DOCKING_STATION
DESK_BLD01_F01_0188,BLD01_F01,BLD01_F01_ZD,DESK,61.19,59.36,2.62,ACTIVE,True,DOCKING_STATION
DESK_BLD01_F01_0189,BLD01_F01,BLD01_F01_ZD,DESK,65.75,59.36,2.62,ACTIVE,True,DOCKING_STATION
DESK_BLD01_F01_0190,BLD01_F01,BLD01_F01_ZD,DESK,70.31,59.36,2.62,ACTIVE,True,DOCKING_STATION
DESK_BLD01_F01_0191,BLD01_F01,BLD01_F01_ZD,DESK,74.86,59.36,2.62,ACTIVE,True,DOCKING_STATION
DESK_BLD01_F01_0192,BLD01_F01,BLD01_F01_ZD,DESK,79.42,59.36,2.62,ACTIVE,True,DOCKING_STATION
DESK_BLD01_F01_0193,BLD01_F01,BLD01_F01_ZD,DESK,52.08,63.09,2.62,ACTIVE,True,DOCKING_STATION
DESK_BLD01_F01_0194,BLD01_F01,BLD01_F01_ZD,DESK,56.64,63.09,2.62,ACTIVE,True,DOCKING_STATION
DESK_BLD01_F01_0195,BLD01_F01,BLD01_F01_ZD,DESK,61.19,63.09,2.62,ACTIVE,True,DOCKING_STATION
DESK_BLD01_F01_0196,BLD01_F01,BLD01_F01_ZD,DESK,65.75,63.09,2.62,ACTIVE,True,DOCKING_STATION
DESK_BLD01_F01_0197,BLD01_F01,BLD01_F01_ZD,DESK,70.31,63.09,2.62,ACTIVE,True,DOCKING_STATION
DESK_BLD01_F01_0198,BLD01_F01,BLD01_F01_ZD,DESK,74.86,63.09,2.62,ACTIVE,True,DOCKING_STATION
DESK_BLD01_F01_0199,BLD01_F01,BLD01_F01_ZD,DESK,79.42,63.09,2.62,ACTIVE,True,DOCKING_STATION
DESK_BLD01_F01_0200,BLD01_F01,BLD01_F01_ZD,DESK,52.08,66.83,2.62,ACTIVE,True,DOCKING_STATION
DESK_BLD01_F02_0201,BLD01_F02,BLD01_F02_ZA,DESK,17.58,6.17,2.62,ACTIVE,True,DOCKING_STATION
DESK_BLD01_F02_0202,BLD01_F02,BLD01_F02_ZA,DESK,22.14,6.17,2.62,ACTIVE,True,DOCKING_STATION
DESK_BLD01_F02_0203,BLD01_F02,BLD01_F02_ZA,DESK,26.69,6.17,2.62,ACTIVE,True,DOCKING_STATION
DESK_BLD01_F02_0204,BLD01_F02,BLD01_F02_ZA,DESK,31.25,6.17,2.62,ACTIVE,True,DOCKING_STATION
DESK_BLD01_F02_0205,BLD01_F02,BLD01_F02_ZA,DESK,35.81,6.17,2.62,ACTIVE,True,DOCKING_STATION
DESK_BLD01_F02_0206,BLD01_F02,BLD01_F02_ZA,DESK,40.36,6.17,2.62,ACTIVE,True,DOCKING_STATION
DESK_BLD01_F02_0207,BLD01_F02,BLD01_F02_ZA,DESK,44.92,6.17,2.62,ACTIVE,True,DOCKING_STATION
DESK_BLD01_F02_0208,BLD01_F02,BLD01_F02_ZA,DESK,17.58,9.91,2.62,ACTIVE,True,DOCKING_STATION
DESK_BLD01_F02_0209,BLD01_F02,BLD01_F02_ZA,DESK,22.14,9.91,2.62,ACTIVE,True,DOCKING_STATION
DESK_BLD01_F02_0210,BLD01_F02,BLD01_F02_ZA,DESK,26.69,9.91,2.62,ACTIVE,True,DOCKING_STATION
DESK_BLD01_F02_0211,BLD01_F02,BLD01_F02_ZA,DESK,31.25,9.91,2.62,ACTIVE,True,DOCKING_STATION
DESK_BLD01_F02_0212,BLD01_F02,BLD01_F02_ZA,DESK,35.81,9.91,2.62,ACTIVE,True,DOCKING_STATION
DESK_BLD01_F02_0213,BLD01_F02,BLD01_F02_ZA,DESK,40.36,9.91,2.62,ACTIVE,True,DOCKING_STATION
DESK_BLD01_F02_0214,BLD01_F02,BLD01_F02_ZA,DESK,44.92,9.91,2.62,ACTIVE,True,DOCKING_STATION
DESK_BLD01_F02_0215,BLD01_F02,BLD01_F02_ZA,DESK,17.58,13.64,2.62,ACTIVE,True,DOCKING_STATION
DESK_BLD01_F02_0216,BLD01_F02,BLD01_F02_ZA,DESK,22.14,13.64,2.62,ACTIVE,True,DOCKING_STATION
DESK_BLD01_F02_0217,BLD01_F02,BLD01_F02_ZA,DESK,26.69,13.64,2.62,ACTIVE,True,DOCKING_STATION
DESK_BLD01_F02_0218,BLD01_F02,BLD01_F02_ZA,DESK,31.25,13.64,2.62,ACTIVE,True,DOCKING_STATION
DESK_BLD01_F02_0219,BLD01_F02,BLD01_F02_ZA,DESK,35.81,13.64,2.62,ACTIVE,True,DOCKING_STATION
DESK_BLD01_F02_0220,BLD01_F02,BLD01_F02_ZA,DESK,40.36,13.64,2.62,ACTIVE,True,DOCKING_STATION
DESK_BLD01_F02_0221,BLD01_F02,BLD01_F02_ZA,DESK,44.92,13.64,2.62,ACTIVE,True,DOCKING_STATION
DESK_BLD01_F02_0222,BLD01_F02,BLD01_F02_ZA,DESK,17.58,17.38,2.62,ACTIVE,True,DOCKING_STATION
DESK_BLD01_F02_0223,BLD01_F02,BLD01_F02_ZA,DESK,22.14,17.38,2.62,ACTIVE,True,DOCKING_STATION
DESK_BLD01_F02_0224,BLD01_F02,BLD01_F02_ZA,DESK,26.69,17.38,2.62,ACTIVE,True,DOCKING_STATION
DESK_BLD01_F02_0225,BLD01_F02,BLD01_F02_ZA,DESK,31.25,17.38,2.62,ACTIVE,True,DOCKING_STATION
DESK_BLD01_F02_0226,BLD01_F02,BLD01_F02_ZA,DESK,35.81,17.38,2.62,ACTIVE,True,DOCKING_STATION
DESK_BLD01_F02_0227,BLD01_F02,BLD01_F02_ZA,DESK,40.36,17.38,2.62,ACTIVE,True,DOCKING_STATION
DESK_BLD01_F02_0228,BLD01_F02,BLD01_F02_ZA,DESK,44.92,17.38,2.62,ACTIVE,True,DOCKING_STATION
DESK_BLD01_F02_0229,BLD01_F02,BLD01_F02_ZA,DESK,17.58,21.12,2.62,ACTIVE,True,DOCKING_STATION
DESK_BLD01_F02_0230,BLD01_F02,BLD01_F02_ZA,DESK,22.14,21.12,2.62,ACTIVE,True,DOCKING_STATION
DESK_BLD01_F02_0231,BLD01_F02,BLD01_F02_ZA,DESK,26.69,21.12,2.62,ACTIVE,True,DOCKING_STATION
DESK_BLD01_F02_0232,BLD01_F02,BLD01_F02_ZA,DESK,31.25,21.12,2.62,ACTIVE,True,DOCKING_STATION
DESK_BLD01_F02_0233,BLD01_F02,BLD01_F02_ZA,DESK,35.81,21.12,2.62,ACTIVE,True,DOCKING_STATION
DESK_BLD01_F02_0234,BLD01_F02,BLD01_F02_ZA,DESK,40.36,21.12,2.62,ACTIVE,True,DOCKING_STATION
DESK_BLD01_F02_0235,BLD01_F02,BLD01_F02_ZA,DESK,44.92,21.12,2.62,ACTIVE,True,DOCKING_STATION
DESK_BLD01_F02_0236,BLD01_F02,BLD01_F02_ZA,DESK,17.58,24.86,2.62,ACTIVE,True,DOCKING_STATION
DESK_BLD01_F02_0237,BLD01_F02,BLD01_F02_ZA,DESK,22.14,24.86,2.62,ACTIVE,True,DOCKING_STATION
DESK_BLD01_F02_0238,BLD01_F02,BLD01_F02_ZA,DESK,26.69,24.86,2.62,ACTIVE,True,DOCKING_STATION
DESK_BLD01_F02_0239,BLD01_F02,BLD01_F02_ZA,DESK,31.25,24.86,2.62,ACTIVE,True,DOCKING_STATION
DESK_BLD01_F02_0240,BLD01_F02,BLD01_F02_ZA,DESK,35.81,24.86,2.62,ACTIVE,True,DOCKING_STATION
DESK_BLD01_F02_0241,BLD01_F02,BLD01_F02_ZA,DESK,40.36,24.86,2.62,ACTIVE,True,DOCKING_STATION
DESK_BLD01_F02_0242,BLD01_F02,BLD01_F02_ZA,DESK,44.92,24.86,2.62,ACTIVE,True,DOCKING_STATION
DESK_BLD01_F02_0243,BLD01_F02,BLD01_F02_ZA,DESK,17.58,28.59,2.62,ACTIVE,True,DOCKING_STATION
DESK_BLD01_F02_0244,BLD01_F02,BLD01_F02_ZA,DESK,22.14,28.59,2.62,ACTIVE,True,DOCKING_STATION
DESK_BLD01_F02_0245,BLD01_F02,BLD01_F02_ZA,DESK,26.69,28.59,2.62,ACTIVE,True,DOCKING_STATION
DESK_BLD01_F02_0246,BLD01_F02,BLD01_F02_ZA,DESK,31.25,28.59,2.62,ACTIVE,True,DOCKING_STATION
DESK_BLD01_F02_0247,BLD01_F02,BLD01_F02_ZA,DESK,35.81,28.59,2.62,ACTIVE,True,DOCKING_STATION
DESK_BLD01_F02_0248,BLD01_F02,BLD01_F02_ZA,DESK,40.36,28.59,2.62,ACTIVE,True,DOCKING_STATION
DESK_BLD01_F02_0249,BLD01_F02,BLD01_F02_ZA,DESK,44.92,28.59,2.62,ACTIVE,True,DOCKING_STATION
DESK_BLD01_F02_0250,BLD01_F02,BLD01_F02_ZA,DESK,17.58,32.33,2.62,ACTIVE,True,DOCKING_STATION
DESK_BLD01_F02_0251,BLD01_F02,BLD01_F02_ZB,DESK,52.08,6.17,2.62,ACTIVE,True,DOCKING_STATION
DESK_BLD01_F02_0252,BLD01_F02,BLD01_F02_ZB,DESK,56.64,6.17,2.62,ACTIVE,True,DOCKING_STATION
DESK_BLD01_F02_0253,BLD01_F02,BLD01_F02_ZB,DESK,61.19,6.17,2.62,ACTIVE,True,DOCKING_STATION
DESK_BLD01_F02_0254,BLD01_F02,BLD01_F02_ZB,DESK,65.75,6.17,2.62,ACTIVE,True,DOCKING_STATION
DESK_BLD01_F02_0255,BLD01_F02,BLD01_F02_ZB,DESK,70.31,6.17,2.62,ACTIVE,True,DOCKING_STATION
DESK_BLD01_F02_0256,BLD01_F02,BLD01_F02_ZB,DESK,74.86,6.17,2.62,ACTIVE,True,DOCKING_STATION
DESK_BLD01_F02_0257,BLD01_F02,BLD01_F02_ZB,DESK,79.42,6.17,2.62,ACTIVE,True,DOCKING_STATION
DESK_BLD01_F02_0258,BLD01_F02,BLD01_F02_ZB,DESK,52.08,9.91,2.62,ACTIVE,True,DOCKING_STATION
DESK_BLD01_F02_0259,BLD01_F02,BLD01_F02_ZB,DESK,56.64,9.91,2.62,ACTIVE,True,DOCKING_STATION
DESK_BLD01_F02_0260,BLD01_F02,BLD01_F02_ZB,DESK,61.19,9.91,2.62,ACTIVE,True,DOCKING_STATION
DESK_BLD01_F02_0261,BLD01_F02,BLD01_F02_ZB,DESK,65.75,9.91,2.62,ACTIVE,True,DOCKING_STATION
DESK_BLD01_F02_0262,BLD01_F02,BLD01_F02_ZB,DESK,70.31,9.91,2.62,ACTIVE,True,DOCKING_STATION
DESK_BLD01_F02_0263,BLD01_F02,BLD01_F02_ZB,DESK,74.86,9.91,2.62,ACTIVE,True,DOCKING_STATION
DESK_BLD01_F02_0264,BLD01_F02,BLD01_F02_ZB,DESK,79.42,9.91,2.62,ACTIVE,True,DOCKING_STATION
DESK_BLD01_F02_0265,BLD01_F02,BLD01_F02_ZB,DESK,52.08,13.64,2.62,ACTIVE,True,DOCKING_STATION
DESK_BLD01_F02_0266,BLD01_F02,BLD01_F02_ZB,DESK,56.64,13.64,2.62,ACTIVE,True,DOCKING_STATION
DESK_BLD01_F02_0267,BLD01_F02,BLD01_F02_ZB,DESK,61.19,13.64,2.62,ACTIVE,True,DOCKING_STATION
DESK_BLD01_F02_0268,BLD01_F02,BLD01_F02_ZB,DESK,65.75,13.64,2.62,ACTIVE,True,DOCKING_STATION
DESK_BLD01_F02_0269,BLD01_F02,BLD01_F02_ZB,DESK,70.31,13.64,2.62,ACTIVE,True,DOCKING_STATION
DESK_BLD01_F02_0270,BLD01_F02,BLD01_F02_ZB,DESK,74.86,13.64,2.62,ACTIVE,True,DOCKING_STATION
DESK_BLD01_F02_0271,BLD01_F02,BLD01_F02_ZB,DESK,79.42,13.64,2.62,ACTIVE,True,DOCKING_STATION
DESK_BLD01_F02_0272,BLD01_F02,BLD01_F02_ZB,DESK,52.08,17.38,2.62,ACTIVE,True,DOCKING_STATION
DESK_BLD01_F02_0273,BLD01_F02,BLD01_F02_ZB,DESK,56.64,17.38,2.62,ACTIVE,True,DOCKING_STATION
DESK_BLD01_F02_0274,BLD01_F02,BLD01_F02_ZB,DESK,61.19,17.38,2.62,ACTIVE,True,DOCKING_STATION
DESK_BLD01_F02_0275,BLD01_F02,BLD01_F02_ZB,DESK,65.75,17.38,2.62,ACTIVE,True,DOCKING_STATION
DESK_BLD01_F02_0276,BLD01_F02,BLD01_F02_ZB,DESK,70.31,17.38,2.62,ACTIVE,True,DOCKING_STATION
DESK_BLD01_F02_0277,BLD01_F02,BLD01_F02_ZB,DESK,74.86,17.38,2.62,ACTIVE,True,DOCKING_STATION
DESK_BLD01_F02_0278,BLD01_F02,BLD01_F02_ZB,DESK,79.42,17.38,2.62,ACTIVE,True,DOCKING_STATION
DESK_BLD01_F02_0279,BLD01_F02,BLD01_F02_ZB,DESK,52.08,21.12,2.62,ACTIVE,True,DOCKING_STATION
DESK_BLD01_F02_0280,BLD01_F02,BLD01_F02_ZB,DESK,56.64,21.12,2.62,ACTIVE,True,DOCKING_STATION
DESK_BLD01_F02_0281,BLD01_F02,BLD01_F02_ZB,DESK,61.19,21.12,2.62,ACTIVE,True,DOCKING_STATION
DESK_BLD01_F02_0282,BLD01_F02,BLD01_F02_ZB,DESK,65.75,21.12,2.62,ACTIVE,True,DOCKING_STATION
DESK_BLD01_F02_0283,BLD01_F02,BLD01_F02_ZB,DESK,70.31,21.12,2.62,ACTIVE,True,DOCKING_STATION
DESK_BLD01_F02_0284,BLD01_F02,BLD01_F02_ZB,DESK,74.86,21.12,2.62,ACTIVE,True,DOCKING_STATION
DESK_BLD01_F02_0285,BLD01_F02,BLD01_F02_ZB,DESK,79.42,21.12,2.62,ACTIVE,True,DOCKING_STATION
DESK_BLD01_F02_0286,BLD01_F02,BLD01_F02_ZB,DESK,52.08,24.86,2.62,ACTIVE,True,DOCKING_STATION
DESK_BLD01_F02_0287,BLD01_F02,BLD01_F02_ZB,DESK,56.64,24.86,2.62,ACTIVE,True,DOCKING_STATION
DESK_BLD01_F02_0288,BLD01_F02,BLD01_F02_ZB,DESK,61.19,24.86,2.62,ACTIVE,True,DOCKING_STATION
DESK_BLD01_F02_0289,BLD01_F02,BLD01_F02_ZB,DESK,65.75,24.86,2.62,ACTIVE,True,DOCKING_STATION
DESK_BLD01_F02_0290,BLD01_F02,BLD01_F02_ZB,DESK,70.31,24.86,2.62,ACTIVE,True,DOCKING_STATION
DESK_BLD01_F02_0291,BLD01_F02,BLD01_F02_ZB,DESK,74.86,24.86,2.62,ACTIVE,True,DOCKING_STATION
DESK_BLD01_F02_0292,BLD01_F02,BLD01_F02_ZB,DESK,79.42,24.86,2.62,ACTIVE,True,DOCKING_STATION
DESK_BLD01_F02_0293,BLD01_F02,BLD01_F02_ZB,DESK,52.08,28.59,2.62,ACTIVE,True,DOCKING_STATION
DESK_BLD01_F02_0294,BLD01_F02,BLD01_F02_ZB,DESK,56.64,28.59,2.62,ACTIVE,True,DOCKING_STATION
DESK_BLD01_F02_0295,BLD01_F02,BLD01_F02_ZB,DESK,61.19,28.59,2.62,ACTIVE,True,DOCKING_STATION
DESK_BLD01_F02_0296,BLD01_F02,BLD01_F02_ZB,DESK,65.75,28.59,2.62,ACTIVE,True,DOCKING_STATION
DESK_BLD01_F02_0297,BLD01_F02,BLD01_F02_ZB,DESK,70.31,28.59,2.62,ACTIVE,True,DOCKING_STATION
DESK_BLD01_F02_0298,BLD01_F02,BLD01_F02_ZB,DESK,74.86,28.59,2.62,ACTIVE,True,DOCKING_STATION
DESK_BLD01_F02_0299,BLD01_F02,BLD01_F02_ZB,DESK,79.42,28.59,2.62,ACTIVE,True,DOCKING_STATION
DESK_BLD01_F02_0300,BLD01_F02,BLD01_F02_ZB,DESK,52.08,32.33,2.62,ACTIVE,True,DOCKING_STATION
DESK_BLD01_F02_0301,BLD01_F02,BLD01_F02_ZC,DESK,17.58,40.67,2.62,ACTIVE,True,DOCKING_STATION
DESK_BLD01_F02_0302,BLD01_F02,BLD01_F02_ZC,DESK,22.14,40.67,2.62,ACTIVE,True,DOCKING_STATION
DESK_BLD01_F02_0303,BLD01_F02,BLD01_F02_ZC,DESK,26.69,40.67,2.62,ACTIVE,True,DOCKING_STATION
DESK_BLD01_F02_0304,BLD01_F02,BLD01_F02_ZC,DESK,31.25,40.67,2.62,ACTIVE,True,DOCKING_STATION
DESK_BLD01_F02_0305,BLD01_F02,BLD01_F02_ZC,DESK,35.81,40.67,2.62,ACTIVE,True,DOCKING_STATION
DESK_BLD01_F02_0306,BLD01_F02,BLD01_F02_ZC,DESK,40.36,40.67,2.62,ACTIVE,True,DOCKING_STATION
DESK_BLD01_F02_0307,BLD01_F02,BLD01_F02_ZC,DESK,44.92,40.67,2.62,ACTIVE,True,DOCKING_STATION
DESK_BLD01_F02_0308,BLD01_F02,BLD01_F02_ZC,DESK,17.58,44.41,2.62,ACTIVE,True,DOCKING_STATION
DESK_BLD01_F02_0309,BLD01_F02,BLD01_F02_ZC,DESK,22.14,44.41,2.62,ACTIVE,True,DOCKING_STATION
DESK_BLD01_F02_0310,BLD01_F02,BLD01_F02_ZC,DESK,26.69,44.41,2.62,ACTIVE,True,DOCKING_STATION
DESK_BLD01_F02_0311,BLD01_F02,BLD01_F02_ZC,DESK,31.25,44.41,2.62,ACTIVE,True,DOCKING_STATION
DESK_BLD01_F02_0312,BLD01_F02,BLD01_F02_ZC,DESK,35.81,44.41,2.62,ACTIVE,True,DOCKING_STATION
DESK_BLD01_F02_0313,BLD01_F02,BLD01_F02_ZC,DESK,40.36,44.41,2.62,ACTIVE,True,DOCKING_STATION
DESK_BLD01_F02_0314,BLD01_F02,BLD01_F02_ZC,DESK,44.92,44.41,2.62,ACTIVE,True,DOCKING_STATION
DESK_BLD01_F02_0315,BLD01_F02,BLD01_F02_ZC,DESK,17.58,48.14,2.62,ACTIVE,True,DOCKING_STATION
DESK_BLD01_F02_0316,BLD01_F02,BLD01_F02_ZC,DESK,22.14,48.14,2.62,ACTIVE,True,DOCKING_STATION
DESK_BLD01_F02_0317,BLD01_F02,BLD01_F02_ZC,DESK,26.69,48.14,2.62,ACTIVE,True,DOCKING_STATION
DESK_BLD01_F02_0318,BLD01_F02,BLD01_F02_ZC,DESK,31.25,48.14,2.62,ACTIVE,True,DOCKING_STATION
DESK_BLD01_F02_0319,BLD01_F02,BLD01_F02_ZC,DESK,35.81,48.14,2.62,ACTIVE,True,DOCKING_STATION
DESK_BLD01_F02_0320,BLD01_F02,BLD01_F02_ZC,DESK,40.36,48.14,2.62,ACTIVE,True,DOCKING_STATION
DESK_BLD01_F02_0321,BLD01_F02,BLD01_F02_ZC,DESK,44.92,48.14,2.62,ACTIVE,True,DOCKING_STATION
DESK_BLD01_F02_0322,BLD01_F02,BLD01_F02_ZC,DESK,17.58,51.88,2.62,ACTIVE,True,DOCKING_STATION
DESK_BLD01_F02_0323,BLD01_F02,BLD01_F02_ZC,DESK,22.14,51.88,2.62,ACTIVE,True,DOCKING_STATION
DESK_BLD01_F02_0324,BLD01_F02,BLD01_F02_ZC,DESK,26.69,51.88,2.62,ACTIVE,True,DOCKING_STATION
DESK_BLD01_F02_0325,BLD01_F02,BLD01_F02_ZC,DESK,31.25,51.88,2.62,ACTIVE,True,DOCKING_STATION
DESK_BLD01_F02_0326,BLD01_F02,BLD01_F02_ZC,DESK,35.81,51.88,2.62,ACTIVE,True,DOCKING_STATION
DESK_BLD01_F02_0327,BLD01_F02,BLD01_F02_ZC,DESK,40.36,51.88,2.62,ACTIVE,True,DOCKING_STATION
DESK_BLD01_F02_0328,BLD01_F02,BLD01_F02_ZC,DESK,44.92,51.88,2.62,ACTIVE,True,DOCKING_STATION
DESK_BLD01_F02_0329,BLD01_F02,BLD01_F02_ZC,DESK,17.58,55.62,2.62,ACTIVE,True,DOCKING_STATION
DESK_BLD01_F02_0330,BLD01_F02,BLD01_F02_ZC,DESK,22.14,55.62,2.62,ACTIVE,True,DOCKING_STATION
DESK_BLD01_F02_0331,BLD01_F02,BLD01_F02_ZC,DESK,26.69,55.62,2.62,ACTIVE,True,DOCKING_STATION
DESK_BLD01_F02_0332,BLD01_F02,BLD01_F02_ZC,DESK,31.25,55.62,2.62,ACTIVE,True,DOCKING_STATION
DESK_BLD01_F02_0333,BLD01_F02,BLD01_F02_ZC,DESK,35.81,55.62,2.62,ACTIVE,True,DOCKING_STATION
DESK_BLD01_F02_0334,BLD01_F02,BLD01_F02_ZC,DESK,40.36,55.62,2.62,ACTIVE,True,DOCKING_STATION
DESK_BLD01_F02_0335,BLD01_F02,BLD01_F02_ZC,DESK,44.92,55.62,2.62,ACTIVE,True,DOCKING_STATION
DESK_BLD01_F02_0336,BLD01_F02,BLD01_F02_ZC,DESK,17.58,59.36,2.62,ACTIVE,True,DOCKING_STATION
DESK_BLD01_F02_0337,BLD01_F02,BLD01_F02_ZC,DESK,22.14,59.36,2.62,ACTIVE,True,DOCKING_STATION
DESK_BLD01_F02_0338,BLD01_F02,BLD01_F02_ZC,DESK,26.69,59.36,2.62,ACTIVE,True,DOCKING_STATION
DESK_BLD01_F02_0339,BLD01_F02,BLD01_F02_ZC,DESK,31.25,59.36,2.62,ACTIVE,True,DOCKING_STATION
DESK_BLD01_F02_0340,BLD01_F02,BLD01_F02_ZC,DESK,35.81,59.36,2.62,ACTIVE,True,DOCKING_STATION
DESK_BLD01_F02_0341,BLD01_F02,BLD01_F02_ZC,DESK,40.36,59.36,2.62,ACTIVE,True,DOCKING_STATION
DESK_BLD01_F02_0342,BLD01_F02,BLD01_F02_ZC,DESK,44.92,59.36,2.62,ACTIVE,True,DOCKING_STATION
DESK_BLD01_F02_0343,BLD01_F02,BLD01_F02_ZC,DESK,17.58,63.09,2.62,ACTIVE,True,DOCKING_STATION
DESK_BLD01_F02_0344,BLD01_F02,BLD01_F02_ZC,DESK,22.14,63.09,2.62,ACTIVE,True,DOCKING_STATION
DESK_BLD01_F02_0345,BLD01_F02,BLD01_F02_ZC,DESK,26.69,63.09,2.62,ACTIVE,True,DOCKING_STATION
DESK_BLD01_F02_0346,BLD01_F02,BLD01_F02_ZC,DESK,31.25,63.09,2.62,ACTIVE,True,DOCKING_STATION
DESK_BLD01_F02_0347,BLD01_F02,BLD01_F02_ZC,DESK,35.81,63.09,2.62,ACTIVE,True,DOCKING_STATION
DESK_BLD01_F02_0348,BLD01_F02,BLD01_F02_ZC,DESK,40.36,63.09,2.62,ACTIVE,True,DOCKING_STATION
DESK_BLD01_F02_0349,BLD01_F02,BLD01_F02_ZC,DESK,44.92,63.09,2.62,ACTIVE,True,DOCKING_STATION
DESK_BLD01_F02_0350,BLD01_F02,BLD01_F02_ZC,DESK,17.58,66.83,2.62,ACTIVE,True,DOCKING_STATION
DESK_BLD01_F02_0351,BLD01_F02,BLD01_F02_ZD,DESK,52.08,40.67,2.62,ACTIVE,True,DOCKING_STATION
DESK_BLD01_F02_0352,BLD01_F02,BLD01_F02_ZD,DESK,56.64,40.67,2.62,ACTIVE,True,DOCKING_STATION
DESK_BLD01_F02_0353,BLD01_F02,BLD01_F02_ZD,DESK,61.19,40.67,2.62,ACTIVE,True,DOCKING_STATION
DESK_BLD01_F02_0354,BLD01_F02,BLD01_F02_ZD,DESK,65.75,40.67,2.62,ACTIVE,True,DOCKING_STATION
DESK_BLD01_F02_0355,BLD01_F02,BLD01_F02_ZD,DESK,70.31,40.67,2.62,ACTIVE,True,DOCKING_STATION
DESK_BLD01_F02_0356,BLD01_F02,BLD01_F02_ZD,DESK,74.86,40.67,2.62,ACTIVE,True,DOCKING_STATION
DESK_BLD01_F02_0357,BLD01_F02,BLD01_F02_ZD,DESK,79.42,40.67,2.62,ACTIVE,True,DOCKING_STATION
DESK_BLD01_F02_0358,BLD01_F02,BLD01_F02_ZD,DESK,52.08,44.41,2.62,ACTIVE,True,DOCKING_STATION
DESK_BLD01_F02_0359,BLD01_F02,BLD01_F02_ZD,DESK,56.64,44.41,2.62,ACTIVE,True,DOCKING_STATION
DESK_BLD01_F02_0360,BLD01_F02,BLD01_F02_ZD,DESK,61.19,44.41,2.62,ACTIVE,True,DOCKING_STATION
DESK_BLD01_F02_0361,BLD01_F02,BLD01_F02_ZD,DESK,65.75,44.41,2.62,ACTIVE,True,DOCKING_STATION
DESK_BLD01_F02_0362,BLD01_F02,BLD01_F02_ZD,DESK,70.31,44.41,2.62,ACTIVE,True,DOCKING_STATION
DESK_BLD01_F02_0363,BLD01_F02,BLD01_F02_ZD,DESK,74.86,44.41,2.62,ACTIVE,True,DOCKING_STATION
DESK_BLD01_F02_0364,BLD01_F02,BLD01_F02_ZD,DESK,79.42,44.41,2.62,ACTIVE,True,DOCKING_STATION
DESK_BLD01_F02_0365,BLD01_F02,BLD01_F02_ZD,DESK,52.08,48.14,2.62,ACTIVE,True,DOCKING_STATION
DESK_BLD01_F02_0366,BLD01_F02,BLD01_F02_ZD,DESK,56.64,48.14,2.62,ACTIVE,True,DOCKING_STATION
DESK_BLD01_F02_0367,BLD01_F02,BLD01_F02_ZD,DESK,61.19,48.14,2.62,ACTIVE,True,DOCKING_STATION
DESK_BLD01_F02_0368,BLD01_F02,BLD01_F02_ZD,DESK,65.75,48.14,2.62,ACTIVE,True,DOCKING_STATION
DESK_BLD01_F02_0369,BLD01_F02,BLD01_F02_ZD,DESK,70.31,48.14,2.62,ACTIVE,True,DOCKING_STATION
DESK_BLD01_F02_0370,BLD01_F02,BLD01_F02_ZD,DESK,74.86,48.14,2.62,ACTIVE,True,DOCKING_STATION
DESK_BLD01_F02_0371,BLD01_F02,BLD01_F02_ZD,DESK,79.42,48.14,2.62,ACTIVE,True,DOCKING_STATION
DESK_BLD01_F02_0372,BLD01_F02,BLD01_F02_ZD,DESK,52.08,51.88,2.62,ACTIVE,True,DOCKING_STATION
DESK_BLD01_F02_0373,BLD01_F02,BLD01_F02_ZD,DESK,56.64,51.88,2.62,ACTIVE,True,DOCKING_STATION
DESK_BLD01_F02_0374,BLD01_F02,BLD01_F02_ZD,DESK,61.19,51.88,2.62,ACTIVE,True,DOCKING_STATION
DESK_BLD01_F02_0375,BLD01_F02,BLD01_F02_ZD,DESK,65.75,51.88,2.62,ACTIVE,True,DOCKING_STATION
DESK_BLD01_F02_0376,BLD01_F02,BLD01_F02_ZD,DESK,70.31,51.88,2.62,ACTIVE,True,DOCKING_STATION
DESK_BLD01_F02_0377,BLD01_F02,BLD01_F02_ZD,DESK,74.86,51.88,2.62,ACTIVE,True,DOCKING_STATION
DESK_BLD01_F02_0378,BLD01_F02,BLD01_F02_ZD,DESK,79.42,51.88,2.62,ACTIVE,True,DOCKING_STATION
DESK_BLD01_F02_0379,BLD01_F02,BLD01_F02_ZD,DESK,52.08,55.62,2.62,ACTIVE,True,DOCKING_STATION
DESK_BLD01_F02_0380,BLD01_F02,BLD01_F02_ZD,DESK,56.64,55.62,2.62,ACTIVE,True,DOCKING_STATION
DESK_BLD01_F02_0381,BLD01_F02,BLD01_F02_ZD,DESK,61.19,55.62,2.62,ACTIVE,True,DOCKING_STATION
DESK_BLD01_F02_0382,BLD01_F02,BLD01_F02_ZD,DESK,65.75,55.62,2.62,ACTIVE,True,DOCKING_STATION
DESK_BLD01_F02_0383,BLD01_F02,BLD01_F02_ZD,DESK,70.31,55.62,2.62,ACTIVE,True,DOCKING_STATION
DESK_BLD01_F02_0384,BLD01_F02,BLD01_F02_ZD,DESK,74.86,55.62,2.62,ACTIVE,True,DOCKING_STATION
DESK_BLD01_F02_0385,BLD01_F02,BLD01_F02_ZD,DESK,79.42,55.62,2.62,ACTIVE,True,DOCKING_STATION
DESK_BLD01_F02_0386,BLD01_F02,BLD01_F02_ZD,DESK,52.08,59.36,2.62,ACTIVE,True,DOCKING_STATION
DESK_BLD01_F02_0387,BLD01_F02,BLD01_F02_ZD,DESK,56.64,59.36,2.62,ACTIVE,True,DOCKING_STATION
DESK_BLD01_F02_0388,BLD01_F02,BLD01_F02_ZD,DESK,61.19,59.36,2.62,ACTIVE,True,DOCKING_STATION
DESK_BLD01_F02_0389,BLD01_F02,BLD01_F02_ZD,DESK,65.75,59.36,2.62,ACTIVE,True,DOCKING_STATION
DESK_BLD01_F02_0390,BLD01_F02,BLD01_F02_ZD,DESK,70.31,59.36,2.62,ACTIVE,True,DOCKING_STATION
DESK_BLD01_F02_0391,BLD01_F02,BLD01_F02_ZD,DESK,74.86,59.36,2.62,ACTIVE,True,DOCKING_STATION
DESK_BLD01_F02_0392,BLD01_F02,BLD01_F02_ZD,DESK,79.42,59.36,2.62,ACTIVE,True,DOCKING_STATION
DESK_BLD01_F02_0393,BLD01_F02,BLD01_F02_ZD,DESK,52.08,63.09,2.62,ACTIVE,True,DOCKING_STATION
DESK_BLD01_F02_0394,BLD01_F02,BLD01_F02_ZD,DESK,56.64,63.09,2.62,ACTIVE,True,DOCKING_STATION
DESK_BLD01_F02_0395,BLD01_F02,BLD01_F02_ZD,DESK,61.19,63.09,2.62,ACTIVE,True,DOCKING_STATION
DESK_BLD01_F02_0396,BLD01_F02,BLD01_F02_ZD,DESK,65.75,63.09,2.62,ACTIVE,True,DOCKING_STATION
DESK_BLD01_F02_0397,BLD01_F02,BLD01_F02_ZD,DESK,70.31,63.09,2.62,ACTIVE,True,DOCKING_STATION
DESK_BLD01_F02_0398,BLD01_F02,BLD01_F02_ZD,DESK,74.86,63.09,2.62,ACTIVE,True,DOCKING_STATION
DESK_BLD01_F02_0399,BLD01_F02,BLD01_F02_ZD,DESK,79.42,63.09,2.62,ACTIVE,True,DOCKING_STATION
DESK_BLD01_F02_0400,BLD01_F02,BLD01_F02_ZD,DESK,52.08,66.83,2.62,ACTIVE,True,DOCKING_STATION
DESK_BLD01_F03_0401,BLD01_F03,BLD01_F03_ZA,DESK,17.58,6.17,2.62,ACTIVE,True,DOCKING_STATION
DESK_BLD01_F03_0402,BLD01_F03,BLD01_F03_ZA,DESK,22.14,6.17,2.62,ACTIVE,True,DOCKING_STATION
DESK_BLD01_F03_0403,BLD01_F03,BLD01_F03_ZA,DESK,26.69,6.17,2.62,ACTIVE,True,DOCKING_STATION
DESK_BLD01_F03_0404,BLD01_F03,BLD01_F03_ZA,DESK,31.25,6.17,2.62,ACTIVE,True,DOCKING_STATION
DESK_BLD01_F03_0405,BLD01_F03,BLD01_F03_ZA,DESK,35.81,6.17,2.62,ACTIVE,True,DOCKING_STATION
DESK_BLD01_F03_0406,BLD01_F03,BLD01_F03_ZA,DESK,40.36,6.17,2.62,ACTIVE,True,DOCKING_STATION
DESK_BLD01_F03_0407,BLD01_F03,BLD01_F03_ZA,DESK,44.92,6.17,2.62,ACTIVE,True,DOCKING_STATION
DESK_BLD01_F03_0408,BLD01_F03,BLD01_F03_ZA,DESK,17.58,9.91,2.62,ACTIVE,True,DOCKING_STATION
DESK_BLD01_F03_0409,BLD01_F03,BLD01_F03_ZA,DESK,22.14,9.91,2.62,ACTIVE,True,DOCKING_STATION
DESK_BLD01_F03_0410,BLD01_F03,BLD01_F03_ZA,DESK,26.69,9.91,2.62,ACTIVE,True,DOCKING_STATION
DESK_BLD01_F03_0411,BLD01_F03,BLD01_F03_ZA,DESK,31.25,9.91,2.62,ACTIVE,True,DOCKING_STATION
DESK_BLD01_F03_0412,BLD01_F03,BLD01_F03_ZA,DESK,35.81,9.91,2.62,ACTIVE,True,DOCKING_STATION
DESK_BLD01_F03_0413,BLD01_F03,BLD01_F03_ZA,DESK,40.36,9.91,2.62,ACTIVE,True,DOCKING_STATION
DESK_BLD01_F03_0414,BLD01_F03,BLD01_F03_ZA,DESK,44.92,9.91,2.62,ACTIVE,True,DOCKING_STATION
DESK_BLD01_F03_0415,BLD01_F03,BLD01_F03_ZA,DESK,17.58,13.64,2.62,ACTIVE,True,DOCKING_STATION
DESK_BLD01_F03_0416,BLD01_F03,BLD01_F03_ZA,DESK,22.14,13.64,2.62,ACTIVE,True,DOCKING_STATION
DESK_BLD01_F03_0417,BLD01_F03,BLD01_F03_ZA,DESK,26.69,13.64,2.62,ACTIVE,True,DOCKING_STATION
DESK_BLD01_F03_0418,BLD01_F03,BLD01_F03_ZA,DESK,31.25,13.64,2.62,ACTIVE,True,DOCKING_STATION
DESK_BLD01_F03_0419,BLD01_F03,BLD01_F03_ZA,DESK,35.81,13.64,2.62,ACTIVE,True,DOCKING_STATION
DESK_BLD01_F03_0420,BLD01_F03,BLD01_F03_ZA,DESK,40.36,13.64,2.62,ACTIVE,True,DOCKING_STATION
DESK_BLD01_F03_0421,BLD01_F03,BLD01_F03_ZA,DESK,44.92,13.64,2.62,ACTIVE,True,DOCKING_STATION
DESK_BLD01_F03_0422,BLD01_F03,BLD01_F03_ZA,DESK,17.58,17.38,2.62,ACTIVE,True,DOCKING_STATION
DESK_BLD01_F03_0423,BLD01_F03,BLD01_F03_ZA,DESK,22.14,17.38,2.62,ACTIVE,True,DOCKING_STATION
DESK_BLD01_F03_0424,BLD01_F03,BLD01_F03_ZA,DESK,26.69,17.38,2.62,ACTIVE,True,DOCKING_STATION
DESK_BLD01_F03_0425,BLD01_F03,BLD01_F03_ZA,DESK,31.25,17.38,2.62,ACTIVE,True,DOCKING_STATION
DESK_BLD01_F03_0426,BLD01_F03,BLD01_F03_ZA,DESK,35.81,17.38,2.62,ACTIVE,True,DOCKING_STATION
DESK_BLD01_F03_0427,BLD01_F03,BLD01_F03_ZA,DESK,40.36,17.38,2.62,ACTIVE,True,DOCKING_STATION
DESK_BLD01_F03_0428,BLD01_F03,BLD01_F03_ZA,DESK,44.92,17.38,2.62,ACTIVE,True,DOCKING_STATION
DESK_BLD01_F03_0429,BLD01_F03,BLD01_F03_ZA,DESK,17.58,21.12,2.62,ACTIVE,True,DOCKING_STATION
DESK_BLD01_F03_0430,BLD01_F03,BLD01_F03_ZA,DESK,22.14,21.12,2.62,ACTIVE,True,DOCKING_STATION
DESK_BLD01_F03_0431,BLD01_F03,BLD01_F03_ZA,DESK,26.69,21.12,2.62,ACTIVE,True,DOCKING_STATION
DESK_BLD01_F03_0432,BLD01_F03,BLD01_F03_ZA,DESK,31.25,21.12,2.62,ACTIVE,True,DOCKING_STATION
DESK_BLD01_F03_0433,BLD01_F03,BLD01_F03_ZA,DESK,35.81,21.12,2.62,ACTIVE,True,DOCKING_STATION
DESK_BLD01_F03_0434,BLD01_F03,BLD01_F03_ZA,DESK,40.36,21.12,2.62,ACTIVE,True,DOCKING_STATION
DESK_BLD01_F03_0435,BLD01_F03,BLD01_F03_ZA,DESK,44.92,21.12,2.62,ACTIVE,True,DOCKING_STATION
DESK_BLD01_F03_0436,BLD01_F03,BLD01_F03_ZA,DESK,17.58,24.86,2.62,ACTIVE,True,DOCKING_STATION
DESK_BLD01_F03_0437,BLD01_F03,BLD01_F03_ZA,DESK,22.14,24.86,2.62,ACTIVE,True,DOCKING_STATION
DESK_BLD01_F03_0438,BLD01_F03,BLD01_F03_ZA,DESK,26.69,24.86,2.62,ACTIVE,True,DOCKING_STATION
DESK_BLD01_F03_0439,BLD01_F03,BLD01_F03_ZA,DESK,31.25,24.86,2.62,ACTIVE,True,DOCKING_STATION
DESK_BLD01_F03_0440,BLD01_F03,BLD01_F03_ZA,DESK,35.81,24.86,2.62,ACTIVE,True,DOCKING_STATION
DESK_BLD01_F03_0441,BLD01_F03,BLD01_F03_ZA,DESK,40.36,24.86,2.62,ACTIVE,True,DOCKING_STATION
DESK_BLD01_F03_0442,BLD01_F03,BLD01_F03_ZA,DESK,44.92,24.86,2.62,ACTIVE,True,DOCKING_STATION
DESK_BLD01_F03_0443,BLD01_F03,BLD01_F03_ZA,DESK,17.58,28.59,2.62,ACTIVE,True,DOCKING_STATION
DESK_BLD01_F03_0444,BLD01_F03,BLD01_F03_ZA,DESK,22.14,28.59,2.62,ACTIVE,True,DOCKING_STATION
DESK_BLD01_F03_0445,BLD01_F03,BLD01_F03_ZA,DESK,26.69,28.59,2.62,ACTIVE,True,DOCKING_STATION
DESK_BLD01_F03_0446,BLD01_F03,BLD01_F03_ZA,DESK,31.25,28.59,2.62,ACTIVE,True,DOCKING_STATION
DESK_BLD01_F03_0447,BLD01_F03,BLD01_F03_ZA,DESK,35.81,28.59,2.62,ACTIVE,True,DOCKING_STATION
DESK_BLD01_F03_0448,BLD01_F03,BLD01_F03_ZA,DESK,40.36,28.59,2.62,ACTIVE,True,DOCKING_STATION
DESK_BLD01_F03_0449,BLD01_F03,BLD01_F03_ZA,DESK,44.92,28.59,2.62,ACTIVE,True,DOCKING_STATION
DESK_BLD01_F03_0450,BLD01_F03,BLD01_F03_ZA,DESK,17.58,32.33,2.62,ACTIVE,True,DOCKING_STATION
DESK_BLD01_F03_0451,BLD01_F03,BLD01_F03_ZB,DESK,52.08,6.17,2.62,ACTIVE,True,DOCKING_STATION
DESK_BLD01_F03_0452,BLD01_F03,BLD01_F03_ZB,DESK,56.64,6.17,2.62,ACTIVE,True,DOCKING_STATION
DESK_BLD01_F03_0453,BLD01_F03,BLD01_F03_ZB,DESK,61.19,6.17,2.62,ACTIVE,True,DOCKING_STATION
DESK_BLD01_F03_0454,BLD01_F03,BLD01_F03_ZB,DESK,65.75,6.17,2.62,ACTIVE,True,DOCKING_STATION
DESK_BLD01_F03_0455,BLD01_F03,BLD01_F03_ZB,DESK,70.31,6.17,2.62,ACTIVE,True,DOCKING_STATION
DESK_BLD01_F03_0456,BLD01_F03,BLD01_F03_ZB,DESK,74.86,6.17,2.62,ACTIVE,True,DOCKING_STATION
DESK_BLD01_F03_0457,BLD01_F03,BLD01_F03_ZB,DESK,79.42,6.17,2.62,ACTIVE,True,DOCKING_STATION
DESK_BLD01_F03_0458,BLD01_F03,BLD01_F03_ZB,DESK,52.08,9.91,2.62,ACTIVE,True,DOCKING_STATION
DESK_BLD01_F03_0459,BLD01_F03,BLD01_F03_ZB,DESK,56.64,9.91,2.62,ACTIVE,True,DOCKING_STATION
DESK_BLD01_F03_0460,BLD01_F03,BLD01_F03_ZB,DESK,61.19,9.91,2.62,ACTIVE,True,DOCKING_STATION
DESK_BLD01_F03_0461,BLD01_F03,BLD01_F03_ZB,DESK,65.75,9.91,2.62,ACTIVE,True,DOCKING_STATION
DESK_BLD01_F03_0462,BLD01_F03,BLD01_F03_ZB,DESK,70.31,9.91,2.62,ACTIVE,True,DOCKING_STATION
DESK_BLD01_F03_0463,BLD01_F03,BLD01_F03_ZB,DESK,74.86,9.91,2.62,ACTIVE,True,DOCKING_STATION
DESK_BLD01_F03_0464,BLD01_F03,BLD01_F03_ZB,DESK,79.42,9.91,2.62,ACTIVE,True,DOCKING_STATION
DESK_BLD01_F03_0465,BLD01_F03,BLD01_F03_ZB,DESK,52.08,13.64,2.62,ACTIVE,True,DOCKING_STATION
DESK_BLD01_F03_0466,BLD01_F03,BLD01_F03_ZB,DESK,56.64,13.64,2.62,ACTIVE,True,DOCKING_STATION
DESK_BLD01_F03_0467,BLD01_F03,BLD01_F03_ZB,DESK,61.19,13.64,2.62,ACTIVE,True,DOCKING_STATION
DESK_BLD01_F03_0468,BLD01_F03,BLD01_F03_ZB,DESK,65.75,13.64,2.62,ACTIVE,True,DOCKING_STATION
DESK_BLD01_F03_0469,BLD01_F03,BLD01_F03_ZB,DESK,70.31,13.64,2.62,ACTIVE,True,DOCKING_STATION
DESK_BLD01_F03_0470,BLD01_F03,BLD01_F03_ZB,DESK,74.86,13.64,2.62,ACTIVE,True,DOCKING_STATION
DESK_BLD01_F03_0471,BLD01_F03,BLD01_F03_ZB,DESK,79.42,13.64,2.62,ACTIVE,True,DOCKING_STATION
DESK_BLD01_F03_0472,BLD01_F03,BLD01_F03_ZB,DESK,52.08,17.38,2.62,ACTIVE,True,DOCKING_STATION
DESK_BLD01_F03_0473,BLD01_F03,BLD01_F03_ZB,DESK,56.64,17.38,2.62,ACTIVE,True,DOCKING_STATION
DESK_BLD01_F03_0474,BLD01_F03,BLD01_F03_ZB,DESK,61.19,17.38,2.62,ACTIVE,True,DOCKING_STATION
DESK_BLD01_F03_0475,BLD01_F03,BLD01_F03_ZB,DESK,65.75,17.38,2.62,ACTIVE,True,DOCKING_STATION
DESK_BLD01_F03_0476,BLD01_F03,BLD01_F03_ZB,DESK,70.31,17.38,2.62,ACTIVE,True,DOCKING_STATION
DESK_BLD01_F03_0477,BLD01_F03,BLD01_F03_ZB,DESK,74.86,17.38,2.62,ACTIVE,True,DOCKING_STATION
DESK_BLD01_F03_0478,BLD01_F03,BLD01_F03_ZB,DESK,79.42,17.38,2.62,ACTIVE,True,DOCKING_STATION
DESK_BLD01_F03_0479,BLD01_F03,BLD01_F03_ZB,DESK,52.08,21.12,2.62,ACTIVE,True,DOCKING_STATION
DESK_BLD01_F03_0480,BLD01_F03,BLD01_F03_ZB,DESK,56.64,21.12,2.62,ACTIVE,True,DOCKING_STATION
DESK_BLD01_F03_0481,BLD01_F03,BLD01_F03_ZB,DESK,61.19,21.12,2.62,ACTIVE,True,DOCKING_STATION
DESK_BLD01_F03_0482,BLD01_F03,BLD01_F03_ZB,DESK,65.75,21.12,2.62,ACTIVE,True,DOCKING_STATION
DESK_BLD01_F03_0483,BLD01_F03,BLD01_F03_ZB,DESK,70.31,21.12,2.62,ACTIVE,True,DOCKING_STATION
DESK_BLD01_F03_0484,BLD01_F03,BLD01_F03_ZB,DESK,74.86,21.12,2.62,ACTIVE,True,DOCKING_STATION
DESK_BLD01_F03_0485,BLD01_F03,BLD01_F03_ZB,DESK,79.42,21.12,2.62,ACTIVE,True,DOCKING_STATION
DESK_BLD01_F03_0486,BLD01_F03,BLD01_F03_ZB,DESK,52.08,24.86,2.62,ACTIVE,True,DOCKING_STATION
DESK_BLD01_F03_0487,BLD01_F03,BLD01_F03_ZB,DESK,56.64,24.86,2.62,ACTIVE,True,DOCKING_STATION
DESK_BLD01_F03_0488,BLD01_F03,BLD01_F03_ZB,DESK,61.19,24.86,2.62,ACTIVE,True,DOCKING_STATION
DESK_BLD01_F03_0489,BLD01_F03,BLD01_F03_ZB,DESK,65.75,24.86,2.62,ACTIVE,True,DOCKING_STATION
DESK_BLD01_F03_0490,BLD01_F03,BLD01_F03_ZB,DESK,70.31,24.86,2.62,ACTIVE,True,DOCKING_STATION
DESK_BLD01_F03_0491,BLD01_F03,BLD01_F03_ZB,DESK,74.86,24.86,2.62,ACTIVE,True,DOCKING_STATION
DESK_BLD01_F03_0492,BLD01_F03,BLD01_F03_ZB,DESK,79.42,24.86,2.62,ACTIVE,True,DOCKING_STATION
DESK_BLD01_F03_0493,BLD01_F03,BLD01_F03_ZB,DESK,52.08,28.59,2.62,ACTIVE,True,DOCKING_STATION
DESK_BLD01_F03_0494,BLD01_F03,BLD01_F03_ZB,DESK,56.64,28.59,2.62,ACTIVE,True,DOCKING_STATION
DESK_BLD01_F03_0495,BLD01_F03,BLD01_F03_ZB,DESK,61.19,28.59,2.62,ACTIVE,True,DOCKING_STATION
DESK_BLD01_F03_0496,BLD01_F03,BLD01_F03_ZB,DESK,65.75,28.59,2.62,ACTIVE,True,DOCKING_STATION
DESK_BLD01_F03_0497,BLD01_F03,BLD01_F03_ZB,DESK,70.31,28.59,2.62,ACTIVE,True,DOCKING_STATION
DESK_BLD01_F03_0498,BLD01_F03,BLD01_F03_ZB,DESK,74.86,28.59,2.62,ACTIVE,True,DOCKING_STATION
DESK_BLD01_F03_0499,BLD01_F03,BLD01_F03_ZB,DESK,79.42,28.59,2.62,ACTIVE,True,DOCKING_STATION
DESK_BLD01_F03_0500,BLD01_F03,BLD01_F03_ZB,DESK,52.08,32.33,2.62,ACTIVE,True,DOCKING_STATION
DESK_BLD01_F03_0501,BLD01_F03,BLD01_F03_ZC,DESK,17.58,40.67,2.62,ACTIVE,True,DOCKING_STATION
DESK_BLD01_F03_0502,BLD01_F03,BLD01_F03_ZC,DESK,22.14,40.67,2.62,ACTIVE,True,DOCKING_STATION
DESK_BLD01_F03_0503,BLD01_F03,BLD01_F03_ZC,DESK,26.69,40.67,2.62,ACTIVE,True,DOCKING_STATION
DESK_BLD01_F03_0504,BLD01_F03,BLD01_F03_ZC,DESK,31.25,40.67,2.62,ACTIVE,True,DOCKING_STATION
DESK_BLD01_F03_0505,BLD01_F03,BLD01_F03_ZC,DESK,35.81,40.67,2.62,ACTIVE,True,DOCKING_STATION
DESK_BLD01_F03_0506,BLD01_F03,BLD01_F03_ZC,DESK,40.36,40.67,2.62,ACTIVE,True,DOCKING_STATION
DESK_BLD01_F03_0507,BLD01_F03,BLD01_F03_ZC,DESK,44.92,40.67,2.62,ACTIVE,True,DOCKING_STATION
DESK_BLD01_F03_0508,BLD01_F03,BLD01_F03_ZC,DESK,17.58,44.41,2.62,ACTIVE,True,DOCKING_STATION
DESK_BLD01_F03_0509,BLD01_F03,BLD01_F03_ZC,DESK,22.14,44.41,2.62,ACTIVE,True,DOCKING_STATION
DESK_BLD01_F03_0510,BLD01_F03,BLD01_F03_ZC,DESK,26.69,44.41,2.62,ACTIVE,True,DOCKING_STATION
DESK_BLD01_F03_0511,BLD01_F03,BLD01_F03_ZC,DESK,31.25,44.41,2.62,ACTIVE,True,DOCKING_STATION
DESK_BLD01_F03_0512,BLD01_F03,BLD01_F03_ZC,DESK,35.81,44.41,2.62,ACTIVE,True,DOCKING_STATION
DESK_BLD01_F03_0513,BLD01_F03,BLD01_F03_ZC,DESK,40.36,44.41,2.62,ACTIVE,True,DOCKING_STATION
DESK_BLD01_F03_0514,BLD01_F03,BLD01_F03_ZC,DESK,44.92,44.41,2.62,ACTIVE,True,DOCKING_STATION
DESK_BLD01_F03_0515,BLD01_F03,BLD01_F03_ZC,DESK,17.58,48.14,2.62,ACTIVE,True,DOCKING_STATION
DESK_BLD01_F03_0516,BLD01_F03,BLD01_F03_ZC,DESK,22.14,48.14,2.62,ACTIVE,True,DOCKING_STATION
DESK_BLD01_F03_0517,BLD01_F03,BLD01_F03_ZC,DESK,26.69,48.14,2.62,ACTIVE,True,DOCKING_STATION
DESK_BLD01_F03_0518,BLD01_F03,BLD01_F03_ZC,DESK,31.25,48.14,2.62,ACTIVE,True,DOCKING_STATION
DESK_BLD01_F03_0519,BLD01_F03,BLD01_F03_ZC,DESK,35.81,48.14,2.62,ACTIVE,True,DOCKING_STATION
DESK_BLD01_F03_0520,BLD01_F03,BLD01_F03_ZC,DESK,40.36,48.14,2.62,ACTIVE,True,DOCKING_STATION
DESK_BLD01_F03_0521,BLD01_F03,BLD01_F03_ZC,DESK,44.92,48.14,2.62,ACTIVE,True,DOCKING_STATION
DESK_BLD01_F03_0522,BLD01_F03,BLD01_F03_ZC,DESK,17.58,51.88,2.62,ACTIVE,True,DOCKING_STATION
DESK_BLD01_F03_0523,BLD01_F03,BLD01_F03_ZC,DESK,22.14,51.88,2.62,ACTIVE,True,DOCKING_STATION
DESK_BLD01_F03_0524,BLD01_F03,BLD01_F03_ZC,DESK,26.69,51.88,2.62,ACTIVE,True,DOCKING_STATION
DESK_BLD01_F03_0525,BLD01_F03,BLD01_F03_ZC,DESK,31.25,51.88,2.62,ACTIVE,True,DOCKING_STATION
DESK_BLD01_F03_0526,BLD01_F03,BLD01_F03_ZC,DESK,35.81,51.88,2.62,ACTIVE,True,DOCKING_STATION
DESK_BLD01_F03_0527,BLD01_F03,BLD01_F03_ZC,DESK,40.36,51.88,2.62,ACTIVE,True,DOCKING_STATION
DESK_BLD01_F03_0528,BLD01_F03,BLD01_F03_ZC,DESK,44.92,51.88,2.62,ACTIVE,True,DOCKING_STATION
DESK_BLD01_F03_0529,BLD01_F03,BLD01_F03_ZC,DESK,17.58,55.62,2.62,ACTIVE,True,DOCKING_STATION
DESK_BLD01_F03_0530,BLD01_F03,BLD01_F03_ZC,DESK,22.14,55.62,2.62,ACTIVE,True,DOCKING_STATION
DESK_BLD01_F03_0531,BLD01_F03,BLD01_F03_ZC,DESK,26.69,55.62,2.62,ACTIVE,True,DOCKING_STATION
DESK_BLD01_F03_0532,BLD01_F03,BLD01_F03_ZC,DESK,31.25,55.62,2.62,ACTIVE,True,DOCKING_STATION
DESK_BLD01_F03_0533,BLD01_F03,BLD01_F03_ZC,DESK,35.81,55.62,2.62,ACTIVE,True,DOCKING_STATION
DESK_BLD01_F03_0534,BLD01_F03,BLD01_F03_ZC,DESK,40.36,55.62,2.62,ACTIVE,True,DOCKING_STATION
DESK_BLD01_F03_0535,BLD01_F03,BLD01_F03_ZC,DESK,44.92,55.62,2.62,ACTIVE,True,DOCKING_STATION
DESK_BLD01_F03_0536,BLD01_F03,BLD01_F03_ZC,DESK,17.58,59.36,2.62,ACTIVE,True,DOCKING_STATION
DESK_BLD01_F03_0537,BLD01_F03,BLD01_F03_ZC,DESK,22.14,59.36,2.62,ACTIVE,True,DOCKING_STATION
DESK_BLD01_F03_0538,BLD01_F03,BLD01_F03_ZC,DESK,26.69,59.36,2.62,ACTIVE,True,DOCKING_STATION
DESK_BLD01_F03_0539,BLD01_F03,BLD01_F03_ZC,DESK,31.25,59.36,2.62,ACTIVE,True,DOCKING_STATION
DESK_BLD01_F03_0540,BLD01_F03,BLD01_F03_ZC,DESK,35.81,59.36,2.62,ACTIVE,True,DOCKING_STATION
DESK_BLD01_F03_0541,BLD01_F03,BLD01_F03_ZC,DESK,40.36,59.36,2.62,ACTIVE,True,DOCKING_STATION
DESK_BLD01_F03_0542,BLD01_F03,BLD01_F03_ZC,DESK,44.92,59.36,2.62,ACTIVE,True,DOCKING_STATION
DESK_BLD01_F03_0543,BLD01_F03,BLD01_F03_ZC,DESK,17.58,63.09,2.62,ACTIVE,True,DOCKING_STATION
DESK_BLD01_F03_0544,BLD01_F03,BLD01_F03_ZC,DESK,22.14,63.09,2.62,ACTIVE,True,DOCKING_STATION
DESK_BLD01_F03_0545,BLD01_F03,BLD01_F03_ZC,DESK,26.69,63.09,2.62,ACTIVE,True,DOCKING_STATION
DESK_BLD01_F03_0546,BLD01_F03,BLD01_F03_ZC,DESK,31.25,63.09,2.62,ACTIVE,True,DOCKING_STATION
DESK_BLD01_F03_0547,BLD01_F03,BLD01_F03_ZC,DESK,35.81,63.09,2.62,ACTIVE,True,DOCKING_STATION
DESK_BLD01_F03_0548,BLD01_F03,BLD01_F03_ZC,DESK,40.36,63.09,2.62,ACTIVE,True,DOCKING_STATION
DESK_BLD01_F03_0549,BLD01_F03,BLD01_F03_ZC,DESK,44.92,63.09,2.62,ACTIVE,True,DOCKING_STATION
DESK_BLD01_F03_0550,BLD01_F03,BLD01_F03_ZC,DESK,17.58,66.83,2.62,ACTIVE,True,DOCKING_STATION
DESK_BLD01_F03_0551,BLD01_F03,BLD01_F03_ZD,DESK,52.08,40.67,2.62,ACTIVE,True,DOCKING_STATION
DESK_BLD01_F03_0552,BLD01_F03,BLD01_F03_ZD,DESK,56.64,40.67,2.62,ACTIVE,True,DOCKING_STATION
DESK_BLD01_F03_0553,BLD01_F03,BLD01_F03_ZD,DESK,61.19,40.67,2.62,ACTIVE,True,DOCKING_STATION
DESK_BLD01_F03_0554,BLD01_F03,BLD01_F03_ZD,DESK,65.75,40.67,2.62,ACTIVE,True,DOCKING_STATION
DESK_BLD01_F03_0555,BLD01_F03,BLD01_F03_ZD,DESK,70.31,40.67,2.62,ACTIVE,True,DOCKING_STATION
DESK_BLD01_F03_0556,BLD01_F03,BLD01_F03_ZD,DESK,74.86,40.67,2.62,ACTIVE,True,DOCKING_STATION
DESK_BLD01_F03_0557,BLD01_F03,BLD01_F03_ZD,DESK,79.42,40.67,2.62,ACTIVE,True,DOCKING_STATION
DESK_BLD01_F03_0558,BLD01_F03,BLD01_F03_ZD,DESK,52.08,44.41,2.62,ACTIVE,True,DOCKING_STATION
DESK_BLD01_F03_0559,BLD01_F03,BLD01_F03_ZD,DESK,56.64,44.41,2.62,ACTIVE,True,DOCKING_STATION
DESK_BLD01_F03_0560,BLD01_F03,BLD01_F03_ZD,DESK,61.19,44.41,2.62,ACTIVE,True,DOCKING_STATION
DESK_BLD01_F03_0561,BLD01_F03,BLD01_F03_ZD,DESK,65.75,44.41,2.62,ACTIVE,True,DOCKING_STATION
DESK_BLD01_F03_0562,BLD01_F03,BLD01_F03_ZD,DESK,70.31,44.41,2.62,ACTIVE,True,DOCKING_STATION
DESK_BLD01_F03_0563,BLD01_F03,BLD01_F03_ZD,DESK,74.86,44.41,2.62,ACTIVE,True,DOCKING_STATION
DESK_BLD01_F03_0564,BLD01_F03,BLD01_F03_ZD,DESK,79.42,44.41,2.62,ACTIVE,True,DOCKING_STATION
DESK_BLD01_F03_0565,BLD01_F03,BLD01_F03_ZD,DESK,52.08,48.14,2.62,ACTIVE,True,DOCKING_STATION
DESK_BLD01_F03_0566,BLD01_F03,BLD01_F03_ZD,DESK,56.64,48.14,2.62,ACTIVE,True,DOCKING_STATION
DESK_BLD01_F03_0567,BLD01_F03,BLD01_F03_ZD,DESK,61.19,48.14,2.62,ACTIVE,True,DOCKING_STATION
DESK_BLD01_F03_0568,BLD01_F03,BLD01_F03_ZD,DESK,65.75,48.14,2.62,ACTIVE,True,DOCKING_STATION
DESK_BLD01_F03_0569,BLD01_F03,BLD01_F03_ZD,DESK,70.31,48.14,2.62,ACTIVE,True,DOCKING_STATION
DESK_BLD01_F03_0570,BLD01_F03,BLD01_F03_ZD,DESK,74.86,48.14,2.62,ACTIVE,True,DOCKING_STATION
DESK_BLD01_F03_0571,BLD01_F03,BLD01_F03_ZD,DESK,79.42,48.14,2.62,ACTIVE,True,DOCKING_STATION
DESK_BLD01_F03_0572,BLD01_F03,BLD01_F03_ZD,DESK,52.08,51.88,2.62,ACTIVE,True,DOCKING_STATION
DESK_BLD01_F03_0573,BLD01_F03,BLD01_F03_ZD,DESK,56.64,51.88,2.62,ACTIVE,True,DOCKING_STATION
DESK_BLD01_F03_0574,BLD01_F03,BLD01_F03_ZD,DESK,61.19,51.88,2.62,ACTIVE,True,DOCKING_STATION
DESK_BLD01_F03_0575,BLD01_F03,BLD01_F03_ZD,DESK,65.75,51.88,2.62,ACTIVE,True,DOCKING_STATION
DESK_BLD01_F03_0576,BLD01_F03,BLD01_F03_ZD,DESK,70.31,51.88,2.62,ACTIVE,True,DOCKING_STATION
DESK_BLD01_F03_0577,BLD01_F03,BLD01_F03_ZD,DESK,74.86,51.88,2.62,ACTIVE,True,DOCKING_STATION
DESK_BLD01_F03_0578,BLD01_F03,BLD01_F03_ZD,DESK,79.42,51.88,2.62,ACTIVE,True,DOCKING_STATION
DESK_BLD01_F03_0579,BLD01_F03,BLD01_F03_ZD,DESK,52.08,55.62,2.62,ACTIVE,True,DOCKING_STATION
DESK_BLD01_F03_0580,BLD01_F03,BLD01_F03_ZD,DESK,56.64,55.62,2.62,ACTIVE,True,DOCKING_STATION
DESK_BLD01_F03_0581,BLD01_F03,BLD01_F03_ZD,DESK,61.19,55.62,2.62,ACTIVE,True,DOCKING_STATION
DESK_BLD01_F03_0582,BLD01_F03,BLD01_F03_ZD,DESK,65.75,55.62,2.62,ACTIVE,True,DOCKING_STATION
DESK_BLD01_F03_0583,BLD01_F03,BLD01_F03_ZD,DESK,70.31,55.62,2.62,ACTIVE,True,DOCKING_STATION
DESK_BLD01_F03_0584,BLD01_F03,BLD01_F03_ZD,DESK,74.86,55.62,2.62,ACTIVE,True,DOCKING_STATION
DESK_BLD01_F03_0585,BLD01_F03,BLD01_F03_ZD,DESK,79.42,55.62,2.62,ACTIVE,True,DOCKING_STATION
DESK_BLD01_F03_0586,BLD01_F03,BLD01_F03_ZD,DESK,52.08,59.36,2.62,ACTIVE,True,DOCKING_STATION
DESK_BLD01_F03_0587,BLD01_F03,BLD01_F03_ZD,DESK,56.64,59.36,2.62,ACTIVE,True,DOCKING_STATION
DESK_BLD01_F03_0588,BLD01_F03,BLD01_F03_ZD,DESK,61.19,59.36,2.62,ACTIVE,True,DOCKING_STATION
DESK_BLD01_F03_0589,BLD01_F03,BLD01_F03_ZD,DESK,65.75,59.36,2.62,ACTIVE,True,DOCKING_STATION
DESK_BLD01_F03_0590,BLD01_F03,BLD01_F03_ZD,DESK,70.31,59.36,2.62,ACTIVE,True,DOCKING_STATION
DESK_BLD01_F03_0591,BLD01_F03,BLD01_F03_ZD,DESK,74.86,59.36,2.62,ACTIVE,True,DOCKING_STATION
DESK_BLD01_F03_0592,BLD01_F03,BLD01_F03_ZD,DESK,79.42,59.36,2.62,ACTIVE,True,DOCKING_STATION
DESK_BLD01_F03_0593,BLD01_F03,BLD01_F03_ZD,DESK,52.08,63.09,2.62,ACTIVE,True,DOCKING_STATION
DESK_BLD01_F03_0594,BLD01_F03,BLD01_F03_ZD,DESK,56.64,63.09,2.62,ACTIVE,True,DOCKING_STATION
DESK_BLD01_F03_0595,BLD01_F03,BLD01_F03_ZD,DESK,61.19,63.09,2.62,ACTIVE,True,DOCKING_STATION
DESK_BLD01_F03_0596,BLD01_F03,BLD01_F03_ZD,DESK,65.75,63.09,2.62,ACTIVE,True,DOCKING_STATION
DESK_BLD01_F03_0597,BLD01_F03,BLD01_F03_ZD,DESK,70.31,63.09,2.62,ACTIVE,True,DOCKING_STATION
DESK_BLD01_F03_0598,BLD01_F03,BLD01_F03_ZD,DESK,74.86,63.09,2.62,ACTIVE,True,DOCKING_STATION
DESK_BLD01_F03_0599,BLD01_F03,BLD01_F03_ZD,DESK,79.42,63.09,2.62,ACTIVE,True,DOCKING_STATION
DESK_BLD01_F03_0600,BLD01_F03,BLD01_F03_ZD,DESK,52.08,66.83,2.62,ACTIVE,True,DOCKING_STATION
DESK_BLD01_F04_0601,BLD01_F04,BLD01_F04_ZA,DESK,17.58,6.17,2.62,ACTIVE,True,DOCKING_STATION
DESK_BLD01_F04_0602,BLD01_F04,BLD01_F04_ZA,DESK,22.14,6.17,2.62,ACTIVE,True,DOCKING_STATION
DESK_BLD01_F04_0603,BLD01_F04,BLD01_F04_ZA,DESK,26.69,6.17,2.62,ACTIVE,True,DOCKING_STATION
DESK_BLD01_F04_0604,BLD01_F04,BLD01_F04_ZA,DESK,31.25,6.17,2.62,ACTIVE,True,DOCKING_STATION
DESK_BLD01_F04_0605,BLD01_F04,BLD01_F04_ZA,DESK,35.81,6.17,2.62,ACTIVE,True,DOCKING_STATION
DESK_BLD01_F04_0606,BLD01_F04,BLD01_F04_ZA,DESK,40.36,6.17,2.62,ACTIVE,True,DOCKING_STATION
DESK_BLD01_F04_0607,BLD01_F04,BLD01_F04_ZA,DESK,44.92,6.17,2.62,ACTIVE,True,DOCKING_STATION
DESK_BLD01_F04_0608,BLD01_F04,BLD01_F04_ZA,DESK,17.58,9.91,2.62,ACTIVE,True,DOCKING_STATION
DESK_BLD01_F04_0609,BLD01_F04,BLD01_F04_ZA,DESK,22.14,9.91,2.62,ACTIVE,True,DOCKING_STATION
DESK_BLD01_F04_0610,BLD01_F04,BLD01_F04_ZA,DESK,26.69,9.91,2.62,ACTIVE,True,DOCKING_STATION
DESK_BLD01_F04_0611,BLD01_F04,BLD01_F04_ZA,DESK,31.25,9.91,2.62,ACTIVE,True,DOCKING_STATION
DESK_BLD01_F04_0612,BLD01_F04,BLD01_F04_ZA,DESK,35.81,9.91,2.62,ACTIVE,True,DOCKING_STATION
DESK_BLD01_F04_0613,BLD01_F04,BLD01_F04_ZA,DESK,40.36,9.91,2.62,ACTIVE,True,DOCKING_STATION
DESK_BLD01_F04_0614,BLD01_F04,BLD01_F04_ZA,DESK,44.92,9.91,2.62,ACTIVE,True,DOCKING_STATION
DESK_BLD01_F04_0615,BLD01_F04,BLD01_F04_ZA,DESK,17.58,13.64,2.62,ACTIVE,True,DOCKING_STATION
DESK_BLD01_F04_0616,BLD01_F04,BLD01_F04_ZA,DESK,22.14,13.64,2.62,ACTIVE,True,DOCKING_STATION
DESK_BLD01_F04_0617,BLD01_F04,BLD01_F04_ZA,DESK,26.69,13.64,2.62,ACTIVE,True,DOCKING_STATION
DESK_BLD01_F04_0618,BLD01_F04,BLD01_F04_ZA,DESK,31.25,13.64,2.62,ACTIVE,True,DOCKING_STATION
DESK_BLD01_F04_0619,BLD01_F04,BLD01_F04_ZA,DESK,35.81,13.64,2.62,ACTIVE,True,DOCKING_STATION
DESK_BLD01_F04_0620,BLD01_F04,BLD01_F04_ZA,DESK,40.36,13.64,2.62,ACTIVE,True,DOCKING_STATION
DESK_BLD01_F04_0621,BLD01_F04,BLD01_F04_ZA,DESK,44.92,13.64,2.62,ACTIVE,True,DOCKING_STATION
DESK_BLD01_F04_0622,BLD01_F04,BLD01_F04_ZA,DESK,17.58,17.38,2.62,ACTIVE,True,DOCKING_STATION
DESK_BLD01_F04_0623,BLD01_F04,BLD01_F04_ZA,DESK,22.14,17.38,2.62,ACTIVE,True,DOCKING_STATION
DESK_BLD01_F04_0624,BLD01_F04,BLD01_F04_ZA,DESK,26.69,17.38,2.62,ACTIVE,True,DOCKING_STATION
DESK_BLD01_F04_0625,BLD01_F04,BLD01_F04_ZA,DESK,31.25,17.38,2.62,ACTIVE,True,DOCKING_STATION
DESK_BLD01_F04_0626,BLD01_F04,BLD01_F04_ZA,DESK,35.81,17.38,2.62,ACTIVE,True,DOCKING_STATION
DESK_BLD01_F04_0627,BLD01_F04,BLD01_F04_ZA,DESK,40.36,17.38,2.62,ACTIVE,True,DOCKING_STATION
DESK_BLD01_F04_0628,BLD01_F04,BLD01_F04_ZA,DESK,44.92,17.38,2.62,ACTIVE,True,DOCKING_STATION
DESK_BLD01_F04_0629,BLD01_F04,BLD01_F04_ZA,DESK,17.58,21.12,2.62,ACTIVE,True,DOCKING_STATION
DESK_BLD01_F04_0630,BLD01_F04,BLD01_F04_ZA,DESK,22.14,21.12,2.62,ACTIVE,True,DOCKING_STATION
DESK_BLD01_F04_0631,BLD01_F04,BLD01_F04_ZA,DESK,26.69,21.12,2.62,ACTIVE,True,DOCKING_STATION
DESK_BLD01_F04_0632,BLD01_F04,BLD01_F04_ZA,DESK,31.25,21.12,2.62,ACTIVE,True,DOCKING_STATION
DESK_BLD01_F04_0633,BLD01_F04,BLD01_F04_ZA,DESK,35.81,21.12,2.62,ACTIVE,True,DOCKING_STATION
DESK_BLD01_F04_0634,BLD01_F04,BLD01_F04_ZA,DESK,40.36,21.12,2.62,ACTIVE,True,DOCKING_STATION
DESK_BLD01_F04_0635,BLD01_F04,BLD01_F04_ZA,DESK,44.92,21.12,2.62,ACTIVE,True,DOCKING_STATION
DESK_BLD01_F04_0636,BLD01_F04,BLD01_F04_ZA,DESK,17.58,24.86,2.62,ACTIVE,True,DOCKING_STATION
DESK_BLD01_F04_0637,BLD01_F04,BLD01_F04_ZA,DESK,22.14,24.86,2.62,ACTIVE,True,DOCKING_STATION
DESK_BLD01_F04_0638,BLD01_F04,BLD01_F04_ZA,DESK,26.69,24.86,2.62,ACTIVE,True,DOCKING_STATION
DESK_BLD01_F04_0639,BLD01_F04,BLD01_F04_ZA,DESK,31.25,24.86,2.62,ACTIVE,True,DOCKING_STATION
DESK_BLD01_F04_0640,BLD01_F04,BLD01_F04_ZA,DESK,35.81,24.86,2.62,ACTIVE,True,DOCKING_STATION
DESK_BLD01_F04_0641,BLD01_F04,BLD01_F04_ZA,DESK,40.36,24.86,2.62,ACTIVE,True,DOCKING_STATION
DESK_BLD01_F04_0642,BLD01_F04,BLD01_F04_ZA,DESK,44.92,24.86,2.62,ACTIVE,True,DOCKING_STATION
DESK_BLD01_F04_0643,BLD01_F04,BLD01_F04_ZA,DESK,17.58,28.59,2.62,ACTIVE,True,DOCKING_STATION
DESK_BLD01_F04_0644,BLD01_F04,BLD01_F04_ZA,DESK,22.14,28.59,2.62,ACTIVE,True,DOCKING_STATION
DESK_BLD01_F04_0645,BLD01_F04,BLD01_F04_ZA,DESK,26.69,28.59,2.62,ACTIVE,True,DOCKING_STATION
DESK_BLD01_F04_0646,BLD01_F04,BLD01_F04_ZA,DESK,31.25,28.59,2.62,ACTIVE,True,DOCKING_STATION
DESK_BLD01_F04_0647,BLD01_F04,BLD01_F04_ZA,DESK,35.81,28.59,2.62,ACTIVE,True,DOCKING_STATION
DESK_BLD01_F04_0648,BLD01_F04,BLD01_F04_ZA,DESK,40.36,28.59,2.62,ACTIVE,True,DOCKING_STATION
DESK_BLD01_F04_0649,BLD01_F04,BLD01_F04_ZA,DESK,44.92,28.59,2.62,ACTIVE,True,DOCKING_STATION
DESK_BLD01_F04_0650,BLD01_F04,BLD01_F04_ZA,DESK,17.58,32.33,2.62,ACTIVE,True,DOCKING_STATION
DESK_BLD01_F04_0651,BLD01_F04,BLD01_F04_ZB,DESK,52.08,6.17,2.62,ACTIVE,True,DOCKING_STATION
DESK_BLD01_F04_0652,BLD01_F04,BLD01_F04_ZB,DESK,56.64,6.17,2.62,ACTIVE,True,DOCKING_STATION
DESK_BLD01_F04_0653,BLD01_F04,BLD01_F04_ZB,DESK,61.19,6.17,2.62,ACTIVE,True,DOCKING_STATION
DESK_BLD01_F04_0654,BLD01_F04,BLD01_F04_ZB,DESK,65.75,6.17,2.62,ACTIVE,True,DOCKING_STATION
DESK_BLD01_F04_0655,BLD01_F04,BLD01_F04_ZB,DESK,70.31,6.17,2.62,ACTIVE,True,DOCKING_STATION
DESK_BLD01_F04_0656,BLD01_F04,BLD01_F04_ZB,DESK,74.86,6.17,2.62,ACTIVE,True,DOCKING_STATION
DESK_BLD01_F04_0657,BLD01_F04,BLD01_F04_ZB,DESK,79.42,6.17,2.62,ACTIVE,True,DOCKING_STATION
DESK_BLD01_F04_0658,BLD01_F04,BLD01_F04_ZB,DESK,52.08,9.91,2.62,ACTIVE,True,DOCKING_STATION
DESK_BLD01_F04_0659,BLD01_F04,BLD01_F04_ZB,DESK,56.64,9.91,2.62,ACTIVE,True,DOCKING_STATION
DESK_BLD01_F04_0660,BLD01_F04,BLD01_F04_ZB,DESK,61.19,9.91,2.62,ACTIVE,True,DOCKING_STATION
DESK_BLD01_F04_0661,BLD01_F04,BLD01_F04_ZB,DESK,65.75,9.91,2.62,ACTIVE,True,DOCKING_STATION
DESK_BLD01_F04_0662,BLD01_F04,BLD01_F04_ZB,DESK,70.31,9.91,2.62,ACTIVE,True,DOCKING_STATION
DESK_BLD01_F04_0663,BLD01_F04,BLD01_F04_ZB,DESK,74.86,9.91,2.62,ACTIVE,True,DOCKING_STATION
DESK_BLD01_F04_0664,BLD01_F04,BLD01_F04_ZB,DESK,79.42,9.91,2.62,ACTIVE,True,DOCKING_STATION
DESK_BLD01_F04_0665,BLD01_F04,BLD01_F04_ZB,DESK,52.08,13.64,2.62,ACTIVE,True,DOCKING_STATION
DESK_BLD01_F04_0666,BLD01_F04,BLD01_F04_ZB,DESK,56.64,13.64,2.62,ACTIVE,True,DOCKING_STATION
DESK_BLD01_F04_0667,BLD01_F04,BLD01_F04_ZB,DESK,61.19,13.64,2.62,ACTIVE,True,DOCKING_STATION
DESK_BLD01_F04_0668,BLD01_F04,BLD01_F04_ZB,DESK,65.75,13.64,2.62,ACTIVE,True,DOCKING_STATION
DESK_BLD01_F04_0669,BLD01_F04,BLD01_F04_ZB,DESK,70.31,13.64,2.62,ACTIVE,True,DOCKING_STATION
DESK_BLD01_F04_0670,BLD01_F04,BLD01_F04_ZB,DESK,74.86,13.64,2.62,ACTIVE,True,DOCKING_STATION
DESK_BLD01_F04_0671,BLD01_F04,BLD01_F04_ZB,DESK,79.42,13.64,2.62,ACTIVE,True,DOCKING_STATION
DESK_BLD01_F04_0672,BLD01_F04,BLD01_F04_ZB,DESK,52.08,17.38,2.62,ACTIVE,True,DOCKING_STATION
DESK_BLD01_F04_0673,BLD01_F04,BLD01_F04_ZB,DESK,56.64,17.38,2.62,ACTIVE,True,DOCKING_STATION
DESK_BLD01_F04_0674,BLD01_F04,BLD01_F04_ZB,DESK,61.19,17.38,2.62,ACTIVE,True,DOCKING_STATION
DESK_BLD01_F04_0675,BLD01_F04,BLD01_F04_ZB,DESK,65.75,17.38,2.62,ACTIVE,True,DOCKING_STATION
DESK_BLD01_F04_0676,BLD01_F04,BLD01_F04_ZB,DESK,70.31,17.38,2.62,ACTIVE,True,DOCKING_STATION
DESK_BLD01_F04_0677,BLD01_F04,BLD01_F04_ZB,DESK,74.86,17.38,2.62,ACTIVE,True,DOCKING_STATION
DESK_BLD01_F04_0678,BLD01_F04,BLD01_F04_ZB,DESK,79.42,17.38,2.62,ACTIVE,True,DOCKING_STATION
DESK_BLD01_F04_0679,BLD01_F04,BLD01_F04_ZB,DESK,52.08,21.12,2.62,ACTIVE,True,DOCKING_STATION
DESK_BLD01_F04_0680,BLD01_F04,BLD01_F04_ZB,DESK,56.64,21.12,2.62,ACTIVE,True,DOCKING_STATION
DESK_BLD01_F04_0681,BLD01_F04,BLD01_F04_ZB,DESK,61.19,21.12,2.62,ACTIVE,True,DOCKING_STATION
DESK_BLD01_F04_0682,BLD01_F04,BLD01_F04_ZB,DESK,65.75,21.12,2.62,ACTIVE,True,DOCKING_STATION
DESK_BLD01_F04_0683,BLD01_F04,BLD01_F04_ZB,DESK,70.31,21.12,2.62,ACTIVE,True,DOCKING_STATION
DESK_BLD01_F04_0684,BLD01_F04,BLD01_F04_ZB,DESK,74.86,21.12,2.62,ACTIVE,True,DOCKING_STATION
DESK_BLD01_F04_0685,BLD01_F04,BLD01_F04_ZB,DESK,79.42,21.12,2.62,ACTIVE,True,DOCKING_STATION
DESK_BLD01_F04_0686,BLD01_F04,BLD01_F04_ZB,DESK,52.08,24.86,2.62,ACTIVE,True,DOCKING_STATION
DESK_BLD01_F04_0687,BLD01_F04,BLD01_F04_ZB,DESK,56.64,24.86,2.62,ACTIVE,True,DOCKING_STATION
DESK_BLD01_F04_0688,BLD01_F04,BLD01_F04_ZB,DESK,61.19,24.86,2.62,ACTIVE,True,DOCKING_STATION
DESK_BLD01_F04_0689,BLD01_F04,BLD01_F04_ZB,DESK,65.75,24.86,2.62,ACTIVE,True,DOCKING_STATION
DESK_BLD01_F04_0690,BLD01_F04,BLD01_F04_ZB,DESK,70.31,24.86,2.62,ACTIVE,True,DOCKING_STATION
DESK_BLD01_F04_0691,BLD01_F04,BLD01_F04_ZB,DESK,74.86,24.86,2.62,ACTIVE,True,DOCKING_STATION
DESK_BLD01_F04_0692,BLD01_F04,BLD01_F04_ZB,DESK,79.42,24.86,2.62,ACTIVE,True,DOCKING_STATION
DESK_BLD01_F04_0693,BLD01_F04,BLD01_F04_ZB,DESK,52.08,28.59,2.62,ACTIVE,True,DOCKING_STATION
DESK_BLD01_F04_0694,BLD01_F04,BLD01_F04_ZB,DESK,56.64,28.59,2.62,ACTIVE,True,DOCKING_STATION
DESK_BLD01_F04_0695,BLD01_F04,BLD01_F04_ZB,DESK,61.19,28.59,2.62,ACTIVE,True,DOCKING_STATION
DESK_BLD01_F04_0696,BLD01_F04,BLD01_F04_ZB,DESK,65.75,28.59,2.62,ACTIVE,True,DOCKING_STATION
DESK_BLD01_F04_0697,BLD01_F04,BLD01_F04_ZB,DESK,70.31,28.59,2.62,ACTIVE,True,DOCKING_STATION
DESK_BLD01_F04_0698,BLD01_F04,BLD01_F04_ZB,DESK,74.86,28.59,2.62,ACTIVE,True,DOCKING_STATION
DESK_BLD01_F04_0699,BLD01_F04,BLD01_F04_ZB,DESK,79.42,28.59,2.62,ACTIVE,True,DOCKING_STATION
DESK_BLD01_F04_0700,BLD01_F04,BLD01_F04_ZB,DESK,52.08,32.33,2.62,ACTIVE,True,DOCKING_STATION
DESK_BLD01_F04_0701,BLD01_F04,BLD01_F04_ZC,DESK,17.58,40.67,2.62,ACTIVE,True,DOCKING_STATION
DESK_BLD01_F04_0702,BLD01_F04,BLD01_F04_ZC,DESK,22.14,40.67,2.62,ACTIVE,True,DOCKING_STATION
DESK_BLD01_F04_0703,BLD01_F04,BLD01_F04_ZC,DESK,26.69,40.67,2.62,ACTIVE,True,DOCKING_STATION
DESK_BLD01_F04_0704,BLD01_F04,BLD01_F04_ZC,DESK,31.25,40.67,2.62,ACTIVE,True,DOCKING_STATION
DESK_BLD01_F04_0705,BLD01_F04,BLD01_F04_ZC,DESK,35.81,40.67,2.62,ACTIVE,True,DOCKING_STATION
DESK_BLD01_F04_0706,BLD01_F04,BLD01_F04_ZC,DESK,40.36,40.67,2.62,ACTIVE,True,DOCKING_STATION
DESK_BLD01_F04_0707,BLD01_F04,BLD01_F04_ZC,DESK,44.92,40.67,2.62,ACTIVE,True,DOCKING_STATION
DESK_BLD01_F04_0708,BLD01_F04,BLD01_F04_ZC,DESK,17.58,44.41,2.62,ACTIVE,True,DOCKING_STATION
DESK_BLD01_F04_0709,BLD01_F04,BLD01_F04_ZC,DESK,22.14,44.41,2.62,ACTIVE,True,DOCKING_STATION
DESK_BLD01_F04_0710,BLD01_F04,BLD01_F04_ZC,DESK,26.69,44.41,2.62,ACTIVE,True,DOCKING_STATION
DESK_BLD01_F04_0711,BLD01_F04,BLD01_F04_ZC,DESK,31.25,44.41,2.62,ACTIVE,True,DOCKING_STATION
DESK_BLD01_F04_0712,BLD01_F04,BLD01_F04_ZC,DESK,35.81,44.41,2.62,ACTIVE,True,DOCKING_STATION
DESK_BLD01_F04_0713,BLD01_F04,BLD01_F04_ZC,DESK,40.36,44.41,2.62,ACTIVE,True,DOCKING_STATION
DESK_BLD01_F04_0714,BLD01_F04,BLD01_F04_ZC,DESK,44.92,44.41,2.62,ACTIVE,True,DOCKING_STATION
DESK_BLD01_F04_0715,BLD01_F04,BLD01_F04_ZC,DESK,17.58,48.14,2.62,ACTIVE,True,DOCKING_STATION
DESK_BLD01_F04_0716,BLD01_F04,BLD01_F04_ZC,DESK,22.14,48.14,2.62,ACTIVE,True,DOCKING_STATION
DESK_BLD01_F04_0717,BLD01_F04,BLD01_F04_ZC,DESK,26.69,48.14,2.62,ACTIVE,True,DOCKING_STATION
DESK_BLD01_F04_0718,BLD01_F04,BLD01_F04_ZC,DESK,31.25,48.14,2.62,ACTIVE,True,DOCKING_STATION
DESK_BLD01_F04_0719,BLD01_F04,BLD01_F04_ZC,DESK,35.81,48.14,2.62,ACTIVE,True,DOCKING_STATION
DESK_BLD01_F04_0720,BLD01_F04,BLD01_F04_ZC,DESK,40.36,48.14,2.62,ACTIVE,True,DOCKING_STATION
DESK_BLD01_F04_0721,BLD01_F04,BLD01_F04_ZC,DESK,44.92,48.14,2.62,ACTIVE,True,DOCKING_STATION
DESK_BLD01_F04_0722,BLD01_F04,BLD01_F04_ZC,DESK,17.58,51.88,2.62,ACTIVE,True,DOCKING_STATION
DESK_BLD01_F04_0723,BLD01_F04,BLD01_F04_ZC,DESK,22.14,51.88,2.62,ACTIVE,True,DOCKING_STATION
DESK_BLD01_F04_0724,BLD01_F04,BLD01_F04_ZC,DESK,26.69,51.88,2.62,ACTIVE,True,DOCKING_STATION
DESK_BLD01_F04_0725,BLD01_F04,BLD01_F04_ZC,DESK,31.25,51.88,2.62,ACTIVE,True,DOCKING_STATION
DESK_BLD01_F04_0726,BLD01_F04,BLD01_F04_ZC,DESK,35.81,51.88,2.62,ACTIVE,True,DOCKING_STATION
DESK_BLD01_F04_0727,BLD01_F04,BLD01_F04_ZC,DESK,40.36,51.88,2.62,ACTIVE,True,DOCKING_STATION
DESK_BLD01_F04_0728,BLD01_F04,BLD01_F04_ZC,DESK,44.92,51.88,2.62,ACTIVE,True,DOCKING_STATION
DESK_BLD01_F04_0729,BLD01_F04,BLD01_F04_ZC,DESK,17.58,55.62,2.62,ACTIVE,True,DOCKING_STATION
DESK_BLD01_F04_0730,BLD01_F04,BLD01_F04_ZC,DESK,22.14,55.62,2.62,ACTIVE,True,DOCKING_STATION
DESK_BLD01_F04_0731,BLD01_F04,BLD01_F04_ZC,DESK,26.69,55.62,2.62,ACTIVE,True,DOCKING_STATION
DESK_BLD01_F04_0732,BLD01_F04,BLD01_F04_ZC,DESK,31.25,55.62,2.62,ACTIVE,True,DOCKING_STATION
DESK_BLD01_F04_0733,BLD01_F04,BLD01_F04_ZC,DESK,35.81,55.62,2.62,ACTIVE,True,DOCKING_STATION
DESK_BLD01_F04_0734,BLD01_F04,BLD01_F04_ZC,DESK,40.36,55.62,2.62,ACTIVE,True,DOCKING_STATION
DESK_BLD01_F04_0735,BLD01_F04,BLD01_F04_ZC,DESK,44.92,55.62,2.62,ACTIVE,True,DOCKING_STATION
DESK_BLD01_F04_0736,BLD01_F04,BLD01_F04_ZC,DESK,17.58,59.36,2.62,ACTIVE,True,DOCKING_STATION
DESK_BLD01_F04_0737,BLD01_F04,BLD01_F04_ZC,DESK,22.14,59.36,2.62,ACTIVE,True,DOCKING_STATION
DESK_BLD01_F04_0738,BLD01_F04,BLD01_F04_ZC,DESK,26.69,59.36,2.62,ACTIVE,True,DOCKING_STATION
DESK_BLD01_F04_0739,BLD01_F04,BLD01_F04_ZC,DESK,31.25,59.36,2.62,ACTIVE,True,DOCKING_STATION
DESK_BLD01_F04_0740,BLD01_F04,BLD01_F04_ZC,DESK,35.81,59.36,2.62,ACTIVE,True,DOCKING_STATION
DESK_BLD01_F04_0741,BLD01_F04,BLD01_F04_ZC,DESK,40.36,59.36,2.62,ACTIVE,True,DOCKING_STATION
DESK_BLD01_F04_0742,BLD01_F04,BLD01_F04_ZC,DESK,44.92,59.36,2.62,ACTIVE,True,DOCKING_STATION
DESK_BLD01_F04_0743,BLD01_F04,BLD01_F04_ZC,DESK,17.58,63.09,2.62,ACTIVE,True,DOCKING_STATION
DESK_BLD01_F04_0744,BLD01_F04,BLD01_F04_ZC,DESK,22.14,63.09,2.62,ACTIVE,True,DOCKING_STATION
DESK_BLD01_F04_0745,BLD01_F04,BLD01_F04_ZC,DESK,26.69,63.09,2.62,ACTIVE,True,DOCKING_STATION
DESK_BLD01_F04_0746,BLD01_F04,BLD01_F04_ZC,DESK,31.25,63.09,2.62,ACTIVE,True,DOCKING_STATION
DESK_BLD01_F04_0747,BLD01_F04,BLD01_F04_ZC,DESK,35.81,63.09,2.62,ACTIVE,True,DOCKING_STATION
DESK_BLD01_F04_0748,BLD01_F04,BLD01_F04_ZC,DESK,40.36,63.09,2.62,ACTIVE,True,DOCKING_STATION
DESK_BLD01_F04_0749,BLD01_F04,BLD01_F04_ZC,DESK,44.92,63.09,2.62,ACTIVE,True,DOCKING_STATION
DESK_BLD01_F04_0750,BLD01_F04,BLD01_F04_ZC,DESK,17.58,66.83,2.62,ACTIVE,True,DOCKING_STATION
DESK_BLD01_F04_0751,BLD01_F04,BLD01_F04_ZD,DESK,52.08,40.67,2.62,ACTIVE,True,DOCKING_STATION
DESK_BLD01_F04_0752,BLD01_F04,BLD01_F04_ZD,DESK,56.64,40.67,2.62,ACTIVE,True,DOCKING_STATION
DESK_BLD01_F04_0753,BLD01_F04,BLD01_F04_ZD,DESK,61.19,40.67,2.62,ACTIVE,True,DOCKING_STATION
DESK_BLD01_F04_0754,BLD01_F04,BLD01_F04_ZD,DESK,65.75,40.67,2.62,ACTIVE,True,DOCKING_STATION
DESK_BLD01_F04_0755,BLD01_F04,BLD01_F04_ZD,DESK,70.31,40.67,2.62,ACTIVE,True,DOCKING_STATION
DESK_BLD01_F04_0756,BLD01_F04,BLD01_F04_ZD,DESK,74.86,40.67,2.62,ACTIVE,True,DOCKING_STATION
DESK_BLD01_F04_0757,BLD01_F04,BLD01_F04_ZD,DESK,79.42,40.67,2.62,ACTIVE,True,DOCKING_STATION
DESK_BLD01_F04_0758,BLD01_F04,BLD01_F04_ZD,DESK,52.08,44.41,2.62,ACTIVE,True,DOCKING_STATION
DESK_BLD01_F04_0759,BLD01_F04,BLD01_F04_ZD,DESK,56.64,44.41,2.62,ACTIVE,True,DOCKING_STATION
DESK_BLD01_F04_0760,BLD01_F04,BLD01_F04_ZD,DESK,61.19,44.41,2.62,ACTIVE,True,DOCKING_STATION
DESK_BLD01_F04_0761,BLD01_F04,BLD01_F04_ZD,DESK,65.75,44.41,2.62,ACTIVE,True,DOCKING_STATION
DESK_BLD01_F04_0762,BLD01_F04,BLD01_F04_ZD,DESK,70.31,44.41,2.62,ACTIVE,True,DOCKING_STATION
DESK_BLD01_F04_0763,BLD01_F04,BLD01_F04_ZD,DESK,74.86,44.41,2.62,ACTIVE,True,DOCKING_STATION
DESK_BLD01_F04_0764,BLD01_F04,BLD01_F04_ZD,DESK,79.42,44.41,2.62,ACTIVE,True,DOCKING_STATION
DESK_BLD01_F04_0765,BLD01_F04,BLD01_F04_ZD,DESK,52.08,48.14,2.62,ACTIVE,True,DOCKING_STATION
DESK_BLD01_F04_0766,BLD01_F04,BLD01_F04_ZD,DESK,56.64,48.14,2.62,ACTIVE,True,DOCKING_STATION
DESK_BLD01_F04_0767,BLD01_F04,BLD01_F04_ZD,DESK,61.19,48.14,2.62,ACTIVE,True,DOCKING_STATION
DESK_BLD01_F04_0768,BLD01_F04,BLD01_F04_ZD,DESK,65.75,48.14,2.62,ACTIVE,True,DOCKING_STATION
DESK_BLD01_F04_0769,BLD01_F04,BLD01_F04_ZD,DESK,70.31,48.14,2.62,ACTIVE,True,DOCKING_STATION
DESK_BLD01_F04_0770,BLD01_F04,BLD01_F04_ZD,DESK,74.86,48.14,2.62,ACTIVE,True,DOCKING_STATION
DESK_BLD01_F04_0771,BLD01_F04,BLD01_F04_ZD,DESK,79.42,48.14,2.62,ACTIVE,True,DOCKING_STATION
DESK_BLD01_F04_0772,BLD01_F04,BLD01_F04_ZD,DESK,52.08,51.88,2.62,ACTIVE,True,DOCKING_STATION
DESK_BLD01_F04_0773,BLD01_F04,BLD01_F04_ZD,DESK,56.64,51.88,2.62,ACTIVE,True,DOCKING_STATION
DESK_BLD01_F04_0774,BLD01_F04,BLD01_F04_ZD,DESK,61.19,51.88,2.62,ACTIVE,True,DOCKING_STATION
DESK_BLD01_F04_0775,BLD01_F04,BLD01_F04_ZD,DESK,65.75,51.88,2.62,ACTIVE,True,DOCKING_STATION
DESK_BLD01_F04_0776,BLD01_F04,BLD01_F04_ZD,DESK,70.31,51.88,2.62,ACTIVE,True,DOCKING_STATION
DESK_BLD01_F04_0777,BLD01_F04,BLD01_F04_ZD,DESK,74.86,51.88,2.62,ACTIVE,True,DOCKING_STATION
DESK_BLD01_F04_0778,BLD01_F04,BLD01_F04_ZD,DESK,79.42,51.88,2.62,ACTIVE,True,DOCKING_STATION
DESK_BLD01_F04_0779,BLD01_F04,BLD01_F04_ZD,DESK,52.08,55.62,2.62,ACTIVE,True,DOCKING_STATION
DESK_BLD01_F04_0780,BLD01_F04,BLD01_F04_ZD,DESK,56.64,55.62,2.62,ACTIVE,True,DOCKING_STATION
DESK_BLD01_F04_0781,BLD01_F04,BLD01_F04_ZD,DESK,61.19,55.62,2.62,ACTIVE,True,DOCKING_STATION
DESK_BLD01_F04_0782,BLD01_F04,BLD01_F04_ZD,DESK,65.75,55.62,2.62,ACTIVE,True,DOCKING_STATION
DESK_BLD01_F04_0783,BLD01_F04,BLD01_F04_ZD,DESK,70.31,55.62,2.62,ACTIVE,True,DOCKING_STATION
DESK_BLD01_F04_0784,BLD01_F04,BLD01_F04_ZD,DESK,74.86,55.62,2.62,ACTIVE,True,DOCKING_STATION
DESK_BLD01_F04_0785,BLD01_F04,BLD01_F04_ZD,DESK,79.42,55.62,2.62,ACTIVE,True,DOCKING_STATION
DESK_BLD01_F04_0786,BLD01_F04,BLD01_F04_ZD,DESK,52.08,59.36,2.62,ACTIVE,True,DOCKING_STATION
DESK_BLD01_F04_0787,BLD01_F04,BLD01_F04_ZD,DESK,56.64,59.36,2.62,ACTIVE,True,DOCKING_STATION
DESK_BLD01_F04_0788,BLD01_F04,BLD01_F04_ZD,DESK,61.19,59.36,2.62,ACTIVE,True,DOCKING_STATION
DESK_BLD01_F04_0789,BLD01_F04,BLD01_F04_ZD,DESK,65.75,59.36,2.62,ACTIVE,True,DOCKING_STATION
DESK_BLD01_F04_0790,BLD01_F04,BLD01_F04_ZD,DESK,70.31,59.36,2.62,ACTIVE,True,DOCKING_STATION
DESK_BLD01_F04_0791,BLD01_F04,BLD01_F04_ZD,DESK,74.86,59.36,2.62,ACTIVE,True,DOCKING_STATION
DESK_BLD01_F04_0792,BLD01_F04,BLD01_F04_ZD,DESK,79.42,59.36,2.62,ACTIVE,True,DOCKING_STATION
DESK_BLD01_F04_0793,BLD01_F04,BLD01_F04_ZD,DESK,52.08,63.09,2.62,ACTIVE,True,DOCKING_STATION
DESK_BLD01_F04_0794,BLD01_F04,BLD01_F04_ZD,DESK,56.64,63.09,2.62,ACTIVE,True,DOCKING_STATION
DESK_BLD01_F04_0795,BLD01_F04,BLD01_F04_ZD,DESK,61.19,63.09,2.62,ACTIVE,True,DOCKING_STATION
DESK_BLD01_F04_0796,BLD01_F04,BLD01_F04_ZD,DESK,65.75,63.09,2.62,ACTIVE,True,DOCKING_STATION
DESK_BLD01_F04_0797,BLD01_F04,BLD01_F04_ZD,DESK,70.31,63.09,2.62,ACTIVE,True,DOCKING_STATION
DESK_BLD01_F04_0798,BLD01_F04,BLD01_F04_ZD,DESK,74.86,63.09,2.62,ACTIVE,True,DOCKING_STATION
DESK_BLD01_F04_0799,BLD01_F04,BLD01_F04_ZD,DESK,79.42,63.09,2.62,ACTIVE,True,DOCKING_STATION
DESK_BLD01_F04_0800,BLD01_F04,BLD01_F04_ZD,DESK,52.08,66.83,2.62,ACTIVE,True,DOCKING_STATION
